dataSymbol,tiingo_name,tiingo_start,tiingo_end,membership_from,membership_to
AAL,American Airlines Group Inc,2005-09-27,2026-08-04,2015-03-23,2024-09-22
AAMRQ,Amr Corp,2001-01-02,2013-12-17,,2003-03-14
AAP,Advance Auto Parts Inc,2001-11-29,2026-08-04,2015-07-09,2023-08-29
ABMD,Abiomed Inc,1987-07-30,2023-01-03,2018-05-31,2022-12-22
ACAS,American Capital Ltd,1997-09-02,2017-01-11,2007-07-09,2009-03-04
AET,Aetna Inc,1977-01-03,2018-11-28,,2018-11-29
AGN,Allergan Inc,1989-06-22,2020-05-08,,2020-05-12
AIV,Apartment Investment & Management Co. - Class A,1994-07-22,2026-08-04,2003-03-14,2020-12-21
AKS,AK Steel Holding Corp,1994-03-30,2020-03-13,2008-07-01,2011-12-16
ALK,Alaska Air Group Inc,1983-01-03,2026-08-04,2016-05-13,2023-12-17
ALXN,Alexion Pharmaceuticals Inc,1996-02-28,2021-07-28,2012-05-25,2021-07-21
AMCC,Applied Micro Circuits Corp,2001-01-02,2017-02-03,2001-01-02,2006-05-18
AMG,Affiliated Managers Group Inc,1997-11-21,2026-08-04,2014-07-01,2019-12-23
AMTM,Amentum Holdings Inc,2024-09-24,2026-08-04,2024-10-01,2024-12-26
AN,Autonation Inc,1992-03-03,2026-08-04,2003-02-24,2017-08-08
ANDV,Andeavor Corp,1983-04-06,2018-09-28,2007-09-27,2018-10-01
ANF,Abercrombie & Fitch Co. - Class A,1996-09-26,2026-08-04,2007-03-29,2013-12-23
ANR,"Alpha Natural Resources, Inc",2005-02-15,2015-07-16,2011-06-01,2012-10-02
ANSS,Ansys Inc,1996-06-21,2026-08-04,2017-06-19,2025-07-18
ARG,Airgas Inc,1986-12-22,2016-05-31,2009-09-09,2016-05-23
ASH,Ashland Inc,1983-04-06,2026-08-04,,2008-11-14
ATI,ATI Inc,1999-11-29,2026-08-04,,2015-07-02
ATVI,Activision Blizzard Inc,1993-10-25,2023-10-13,2015-08-31,2023-10-14
AVP,Avon Products Inc,1972-06-01,2020-01-03,,2015-03-23
AYE,ALLEGHENY ENERGY INC,2006-12-28,2011-11-30,2000-12-11,2011-02-28
AYI,Acuity Brands Inc,2001-12-03,2026-08-04,2016-05-03,2018-06-18
BBBY,Beyond Inc,2002-05-30,2026-08-04,,2017-07-26
BBT,Beacon Financial Corp,2000-06-28,2026-08-04,,2019-12-09
BBWI,Bath & Body Works Inc,1985-07-01,2026-08-04,2021-08-03,2024-10-01
BC,Brunswick Corp,1981-12-31,2026-08-04,,2008-06-23
BCR,C.R. Bard Inc,1983-04-06,2017-12-29,,2017-12-29
BGG,Briggs Stratton Corp,1984-09-07,2020-07-20,,2001-04-03
BHF,Brighthouse Financial Inc,2017-07-17,2026-08-04,2017-08-07,2019-04-02
BHI,Baker Hughes Inc,1987-04-06,2017-07-05,,2017-07-07
BIO,Bio-Rad Laboratories Inc - Class A,1980-02-27,2026-08-04,2020-06-22,2024-09-22
BJS,BJ SERVICES CO,2006-12-28,2011-05-09,2002-05-15,2010-04-29
BMS,Bemis Company Inc,1984-09-07,2019-06-28,,2014-12-05
BRCM,Broadcom Corp,2016-01-04,2016-02-09,2000-07-03,2016-02-01
BRL,BARR PHARMACEUTICALS INC,2006-12-28,2008-12-22,2006-02-27,2008-12-23
BVSN,BroadVision Inc,1996-06-21,2020-05-18,2000-11-06,2001-09-04
BWA,BorgWarner Inc,1993-08-13,2026-08-04,2011-12-19,2025-03-25
BXLT,Baxalta Inc,2015-06-30,2016-06-16,2015-07-01,2016-06-03
CAG,Conagra Brands Inc,1984-09-07,2026-08-05,,2026-06-30
CAM,AB CALIFORNIA INTERMEDIATE MUNICIPAL ETF ,1995-07-05,2026-08-04,2008-01-29,2016-04-04
CAR,Avis Budget Group Inc,1990-01-12,2026-08-04,,2006-08-01
CCK,Crown Holdings Inc,1984-12-18,2026-08-04,,2000-12-11
CCU,Compania Cervecerias Unidas S.A.,2001-01-02,2026-08-04,,2008-07-31
CE,Celanese Corp - Series A,2005-01-21,2026-08-04,2001-04-02,2025-03-25
CELG,Celgene Corp,1990-03-26,2019-11-22,2006-11-06,2019-11-21
CERN,Cerner Corp,1990-03-26,2022-09-08,2010-04-30,2022-06-08
CFN,CareFusion Corp,2009-08-21,2015-03-17,2009-09-01,2015-03-17
CHK,Chesapeake Energy Corp,1993-02-16,2024-10-04,,2018-03-19
CLF,Cleveland-Cliffs Inc,1987-11-05,2026-08-04,2009-12-21,2014-04-02
CMA,Comerica Inc,1990-03-26,2026-01-30,,2024-06-23
CMCSK,Comcast Corp,1990-03-26,2015-12-21,2015-09-21,2015-12-14
CNX,CNX Resources Corp,1999-04-30,2026-08-04,2006-06-28,2016-03-04
COL,Rockwell Collins Inc,2001-06-15,2018-11-26,2001-07-02,2018-11-27
COTY,Coty Inc - Class A,2013-06-13,2026-08-04,2016-10-03,2020-09-21
COV,Covidien plc,2007-06-14,2015-02-03,2007-07-02,2015-01-27
CPB,Campbell Soup Company,1985-07-01,2026-08-05,,2026-06-22
CPGX,Columbia Pipeline Group Inc,2015-07-01,2016-07-01,2015-07-02,2016-07-01
CPRI,Capri Holdings Ltd,2011-12-15,2026-08-04,2016-01-04,2020-05-12
CPWR,Ocean Thermal Energy Corp,1992-12-16,2026-08-06,1998-12-11,2011-12-31
CSC,Computer Sciences Corp,2001-01-02,2017-04-10,,2015-12-01
CSRA,CSRA Inc,2015-11-30,2018-04-04,2015-11-30,2018-04-04
CTB,Cooper Tire & Rubber Company,1987-11-05,2021-06-08,,2006-07-18
CTLT,Catalent Inc,2014-07-31,2024-12-18,2020-09-21,2024-12-19
CTXS,Citrix Systems Inc,1995-12-08,2022-11-02,,2022-10-03
CVC,Cablevision Systems Corp,2016-01-04,2016-06-21,2010-12-20,2016-06-21
CVG,Convergys Corp,1998-08-13,2018-12-14,2000-06-13,2009-12-21
CVH,Coventry Health Care Inc,2006-12-28,2013-10-17,,2013-05-08
CXO,Concho Resources Inc,2007-08-03,2021-01-15,2016-02-22,2021-01-21
DDR,DDR Corp,1993-02-02,2018-10-11,2007-03-23,2009-03-30
DDS,Dillard`s Inc - Class A,1989-06-30,2026-08-04,,2008-10-22
DFS,Discover Financial Services,2007-06-14,2025-05-16,2007-07-02,2025-05-17
DISCK,Warner Bros. Discovery Inc - Series C,2008-09-18,2022-09-16,2014-08-07,2022-04-11
DISH,Dish Network Corp - Class A,1995-06-21,2024-01-09,2017-03-13,2023-06-20
DLX,Deluxe Corp,1987-07-23,2026-08-04,,2004-12-20
DNR,Denbury Resources Inc,1995-09-06,2020-07-30,2009-04-02,2015-03-23
DPS,Dr Pepper Snapple Group Inc,2008-05-07,2018-07-09,,2018-07-02
DRE,Duke Realty Corp,1987-11-05,2022-10-03,2017-07-26,2022-10-03
DXC,DXC Technology Company,2017-02-01,2026-08-04,,2023-10-06
EDS,Exceed Company Ltd,2007-12-03,2015-04-29,,2008-08-26
EMN,Eastman Chemical Company,1993-12-14,2026-08-05,,2025-11-04
ESRX,Express Scripts Holding Company,1992-06-09,2018-12-20,2003-09-26,2018-12-21
ETFC,E TRADE Financial Corp,1996-08-16,2020-10-02,2004-04-01,2020-10-07
ETSY,Etsy Inc,2015-04-16,2026-08-04,2020-09-21,2024-09-22
EVHC,Envision Healthcare Holdings Inc,2013-08-14,2018-12-14,2016-12-02,2018-10-11
FCPT,Four Corners Property Trust Inc,2015-11-10,2026-08-04,2015-11-10,2015-11-17
FDO,Family Dollar Stores Inc,1985-02-25,2015-07-13,2001-08-06,2015-07-07
FHN,First Horizon Corporation,1990-03-26,2026-08-04,2002-05-06,2013-06-24
FL,Foot Locker Inc,1970-01-02,2026-08-04,2016-04-04,2019-08-09
FLIR,Flir Systems Inc,1993-06-22,2021-05-14,2009-01-02,2021-05-14
FLR,Fluor Corporation,2000-12-01,2026-08-04,2000-12-22,2019-06-03
FLS,Flowserve Corp,1990-03-26,2026-08-04,2008-10-02,2021-03-22
FLT,Fleetcor Technologies Inc,2010-12-15,2026-08-04,2018-06-20,2024-03-26
FMC,FMC Corp,1985-07-01,2026-08-04,,2025-03-25
FMCC,Federal Home Loan Mortgage Corp,1988-12-02,2026-08-04,,2008-09-11
FNMA,Federal National Mortgage Association,1977-01-03,2026-08-04,,2008-09-11
FOSL,Fossil Group Inc,1993-04-08,2026-08-07,2012-04-03,2016-01-05
FRX,Forest Laboratories Inc,1988-04-19,2014-07-01,2000-11-22,2014-07-01
FTI,TechnipFMC plc,2001-06-14,2026-08-04,2009-06-05,2021-02-12
FWLT,Foster Wheeler AG,1972-06-01,2014-12-03,,2000-01-31
GAS,AGL Resources Inc,1973-05-03,2016-07-01,,2016-07-01
GENZ,VANECK DIGITAL NATIVE ECONOMY ETF ,2008-01-24,2026-08-04,2001-12-14,2011-04-04
GGP,General Growth Properties Inc,1993-04-08,2018-08-28,2007-07-02,2018-08-28
GHC,Graham Holdings Co. - Class B,1990-01-24,2026-08-04,2007-12-31,2014-09-22
GMCR,Green Mountain Coffee Roasters Inc,2001-01-12,2016-03-04,2014-03-24,2016-03-03
GME,Gamestop Corporation - Class A,2002-02-13,2026-08-05,2007-12-14,2016-04-25
GNW,Genworth Financial Inc - Class A,2004-05-25,2026-08-04,2005-12-02,2015-11-18
GRA,W.R. Grace & Company,1982-01-04,2021-09-22,,2000-12-11
GT,Goodyear Tire & Rubber Company,1970-01-02,2026-08-04,,2019-02-27
HAR,Harman International Industries IncDE,2016-01-04,2017-03-10,,2017-03-16
HBI,Hanesbrands Inc,2006-09-06,2026-08-04,2015-03-23,2021-12-20
HCBK,Hudson City Bancorp Inc,1999-07-13,2015-10-30,2007-02-15,2015-11-02
HES,Hess Corporation,1983-04-06,2025-07-18,,2025-07-22
HNZ,H.J. Heinz Company,2001-01-02,2013-10-17,,2013-06-07
HOG,Harley-Davidson Inc,1987-11-05,2026-08-04,2000-01-31,2020-06-22
HOT,DEFIANCE HOT SAUCE DAILY 2X STRATEGY ETF ,2016-01-04,2016-10-03,,2016-09-22
HP,Helmerich & Payne Inc,1980-10-15,2026-08-04,,2020-05-22
HPC,HERCULES INC,2006-12-28,2008-11-24,,2008-11-14
HRB,H&R Block Inc,1986-11-12,2026-08-04,,2020-09-21
HSP,Hospira Inc,2004-05-03,2015-09-02,2004-05-03,2015-09-03
ILMN,Illumina Inc,2000-07-28,2026-08-04,2015-11-19,2024-06-23
IPG,Interpublic Group Of Cos. Inc,1987-11-05,2025-11-26,,2025-11-28
IPGP,IPG Photonics Corp,2006-12-13,2026-08-04,2018-03-07,2022-06-21
ITT,ITT Inc,1995-12-18,2026-08-04,,2011-11-01
JDSU,JDS Uniphase Corp,1993-11-17,2015-08-03,2000-07-27,2013-12-23
JEF,Jefferies Financial Group Inc,1987-11-05,2026-08-04,2007-08-27,2019-09-26
JNPR,Juniper Networks Inc,1999-06-25,2025-07-02,2006-06-02,2025-07-04
JNS,Janus Capital Group Inc,2000-06-26,2017-05-30,2000-07-13,2011-11-23
JNY,The Jones Group Inc,1991-05-16,2014-04-09,2001-12-17,2009-03-04
JOY,Joy Global Inc,2001-05-25,2017-04-13,2011-02-28,2015-10-08
JWN,Nordstrom Inc,1986-07-09,2025-05-20,,2020-06-22
K,Kellanova,1984-12-17,2025-12-11,,2025-12-11
KATE,Kate Spade & Company,1981-06-09,2017-07-12,,2008-12-02
KBH,KB Home,1987-11-05,2026-08-04,,2009-12-21
KMG,KMG Chemicals Inc,1997-01-28,2018-12-14,,2006-08-11
KRFT,Kraft Foods Group Inc,2012-09-17,2015-07-10,2012-10-02,2015-07-06
KSS,Kohl`s Corp,1992-05-19,2026-08-04,,2020-09-21
KSU,Kansas City Southern,1987-11-05,2021-12-13,,2021-12-14
LEG,Leggett & Platt Inc,1987-11-05,2026-08-04,,2021-12-20
LLL,GRANITESHARES 2X LONG LLY DAILY ETF ,1998-05-19,2019-06-28,,2019-07-01
LLTC,Linear Technology Corp,2016-01-04,2017-03-20,2000-04-03,2017-03-13
LM,Legg Mason Inc,1987-11-05,2020-07-31,2006-04-24,2016-12-02
LNC,Lincoln National Corp,1984-10-05,2026-08-04,,2023-09-18
LO,Lorillard Inc,2002-02-01,2015-06-22,2008-06-11,2015-06-12
LPX,Louisiana-Pacific Corp,1982-01-04,2026-08-04,,2006-11-10
LSI,Life Storage Inc,1995-06-21,2023-07-19,,2014-05-07
LUMN,Lumen Technologies Inc,1987-11-05,2026-08-04,2020-09-18,2023-03-20
LVLT,Level 3 Communications Inc,1998-03-31,2017-11-01,2014-11-05,2017-10-13
M,Macy`s Inc,1992-02-05,2026-08-04,,2020-04-06
MAC,Macerich Company,1994-03-10,2026-08-04,2013-05-09,2019-12-23
MAT,Mattel Inc,1982-01-04,2026-08-04,,2019-06-07
MBC,MasterBrand Inc,2022-12-09,2026-08-06,2022-12-15,2022-12-19
MBI,MBIA Inc,1987-07-02,2026-08-04,,2009-12-21
MDR,McDermott International,1982-12-31,2020-01-22,,2003-08-20
MER,MERRILL LYNCH CO INC,2006-12-28,2008-12-31,,2009-01-02
MFE,McAfee Inc,2006-12-28,2011-03-01,,2011-02-28
MHS,MEDCO HEALTH SOLUTIONS INC,2006-12-28,2013-04-10,2003-08-20,2012-04-02
MIL,MFC Industrial Ltd,1996-05-08,2016-02-12,,2010-07-14
MJN,Mead Johnson Nutrition CO,2009-02-11,2017-07-14,2009-12-21,2017-06-15
MRO,Marathon Oil Corporation,1970-01-02,2024-11-22,,2024-11-23
MTG,MGIC Investment Corp,1991-08-07,2026-08-04,,2008-10-31
MTW,Manitowoc Co. Inc,1990-03-26,2026-08-04,2007-11-16,2009-09-01
MUR,Murphy Oil Corp,1983-04-06,2026-08-04,2005-08-15,2017-07-26
MWV,MeadWestvaco Corp,1985-07-01,2015-07-01,,2015-07-02
MWW,Monster Worldwide Inc,2008-11-11,2016-11-09,2001-06-04,2011-12-19
MXIM,Maxim Integrated Products Inc,1990-03-26,2021-09-01,2000-05-10,2021-08-30
MYL,Mylan N.V.,1987-12-18,2020-11-19,2004-04-23,2020-11-17
NAV,Navistar International Corp,1970-01-02,2021-06-30,,2006-12-20
NAVI,Navient Corp,2014-04-17,2026-08-04,2014-05-01,2018-06-05
NBL,Noble Energy Inc,1982-01-04,2020-10-06,2007-10-08,2020-10-12
NBR,Nabors Industries Ltd,1991-02-28,2026-08-04,2000-10-18,2015-03-23
NC,Nacco Industries Inc - Class A,1977-06-17,2026-08-04,,2000-06-05
NKTR,Nektar Therapeutics,1994-05-03,2026-08-04,2018-03-19,2019-10-03
NLSN,Nielsen Holdings plc,2011-01-27,2022-10-11,2013-07-09,2022-10-12
NOV,NOV Inc,1996-10-29,2026-08-04,2005-03-14,2021-09-20
NVLS,DEFIANCE NVDA LIGHTNINGSPREAD(TM) INCOME ETF ,2006-12-28,2017-07-24,,2012-06-05
NWL,Newell Brands Inc,1984-07-19,2026-08-04,,2023-09-18
NYT,New York Times Co. - Class A,1973-05-03,2026-08-04,,2010-12-20
ODP,ODP Corporation (The),1990-03-26,2026-08-04,,2010-12-20
OGN,Organon & Company,2021-05-14,2026-08-04,2021-06-04,2023-10-18
OI,O-I Glass Inc,1991-12-11,2026-08-04,,2016-12-02
OMX,OFFICEMAX INC,2006-12-28,2013-11-05,,2008-06-23
PBCT,People`s United Financial Inc,1990-03-26,2022-04-04,2008-11-13,2022-04-04
PBG,PEPSI BOTTLING GROUP INC,2001-01-02,2011-03-07,2001-05-14,2010-03-01
PBI,Pitney Bowes Inc,1972-06-01,2026-08-04,,2017-03-01
PCH,PotlatchDeltic Corp,1985-11-11,2026-02-02,,2001-07-09
PCL,PGIM CORPORATE BOND 10+ YEAR ETF ,1989-06-02,2026-08-07,,2016-02-22
PCP,Precision Castparts Corp,2016-01-04,2016-02-08,,2016-02-01
PDCO,Patterson Companies Inc,1992-10-28,2025-04-17,2005-10-11,2018-03-19
PENN,PENN Entertainment Inc,1994-05-26,2026-08-04,2021-03-22,2022-09-19
PETM,PetSmart Inc,1993-07-23,2015-03-11,2012-10-05,2015-03-12
PRGO,Perrigo Company plc,1991-12-17,2026-08-04,2011-12-19,2021-09-20
PVH,PVH Corp,1987-07-10,2026-08-04,2013-02-14,2022-09-19
PXD,Pioneer Natural Resources Company,1997-08-08,2024-05-03,2008-09-24,2024-05-04
QEP,QEP Resources Inc,2010-06-16,2021-03-18,2010-07-01,2015-07-01
QRVO,Qorvo Inc,2015-01-02,2026-08-04,2015-06-12,2024-12-26
R,Ryder System Inc,1980-01-02,2026-08-04,,2017-06-19
RAI,Reynolds American Inc,1999-06-01,2017-08-17,2002-09-04,2017-07-25
RDC,Rowan Companies PLC,1983-04-06,2019-04-11,,2014-08-19
RHI,Robert Half Inc,1992-03-10,2026-08-04,2000-12-05,2024-06-23
RHT,Red Hat Inc,1999-08-11,2019-07-08,2009-07-27,2019-07-15
RIG,Transocean Ltd,1993-05-28,2026-08-06,2013-10-29,2017-07-26
ROH,ROHM HAAS CO,2006-12-28,2009-04-01,,2009-04-02
RRC,Range Resources Corp,1992-12-28,2026-08-04,2007-12-21,2018-06-18
RRD,R.R. Donnelley & Sons Company,1985-07-01,2022-02-25,,2012-12-12
RSH,RadioShack Corp,1982-01-04,2015-02-02,,2011-06-30
RTN,Raytheon Company,1981-12-31,2020-04-03,,2020-04-06
SANM,Sanmina Corp,1993-06-22,2026-08-04,2000-06-21,2007-07-02
SAPE,Sapient Corp,1996-04-04,2015-02-05,2000-05-05,2002-05-13
SBNY,Signature Bank,2004-03-23,2026-08-04,2021-12-20,2023-03-15
SCG,SCANA Corp,1987-12-30,2018-12-31,2009-01-02,2019-01-02
SCI,Service Corp International,1987-07-23,2026-08-04,,2000-03-16
SEDG,Solaredge Technologies Inc,2015-03-26,2026-08-04,2021-12-20,2023-12-17
SEE,Sealed Air Corp,1987-12-30,2026-04-09,,2023-12-17
SIAL,SigmaAldrich Corp,1990-03-26,2015-11-18,,2015-11-18
SIG,Signet Jewelers Ltd,1994-10-31,2026-08-07,2015-07-29,2018-03-19
SLG,SL Green Realty Corp,1997-08-15,2026-08-04,2015-03-23,2021-03-22
SLM,SLM Corp,1988-01-05,2026-08-04,,2014-05-01
SNI,Scripps Networks Interactive Inc,2008-06-12,2018-03-16,2008-07-01,2018-03-07
SNV,Synovus Financial Corp,1990-01-12,2025-12-31,,2008-01-02
SOV,Santander Holdings USA Inc,2006-12-28,2009-01-29,2004-07-01,2009-01-30
SRCL,Stericycle Inc,1996-08-23,2024-11-04,2008-11-19,2018-12-03
SSP,E.W. Scripps Co. - Class A,1990-03-26,2026-08-04,2005-12-20,2008-07-01
STJ,St Jude Medical Inc,1989-12-07,2017-01-18,,2017-01-05
SVU,SUPERVALU INC.,1985-07-01,2018-12-14,,2012-05-01
SWN,Southwestern Energy Company,1987-12-30,2024-10-01,2008-06-06,2017-04-04
SWY,Safeway Inc,1990-04-26,2015-02-09,,2015-01-27
TDC,Teradata Corp,2007-10-01,2026-08-04,2007-10-01,2017-06-19
TEG,Integrys Energy Group Inc,1988-01-05,2015-06-29,,2015-07-01
TEX,Terex Corp,1990-03-26,2026-08-04,2006-12-20,2008-11-06
TFX,Teleflex Incorporated,1988-02-18,2026-08-04,2019-01-18,2025-03-25
TGNA,TEGNA Inc,1985-07-01,2026-03-20,,2017-06-02
THC,Tenet Healthcare Corp,1982-01-04,2026-08-04,,2016-04-18
TIE,Titanium Metals Corp,2006-12-28,2013-01-07,2007-10-29,2012-12-24
TIF,Tiffany & Company,1987-12-30,2021-01-08,2000-06-21,2021-01-07
TKR,Timken Company,1985-07-01,2026-08-04,,2001-08-07
TRIP,TripAdvisor Inc,2011-12-07,2026-08-04,2011-12-21,2019-12-23
TSS,GRANITESHARES 1X SHORT TSLA DAILY ETF ,1989-06-30,2019-09-17,2008-01-02,2019-09-23
TWC,Time Warner Cable Inc,2007-03-01,2016-05-26,2009-03-30,2016-05-18
TWTR,Twitter Inc,2013-11-07,2022-10-28,2018-06-07,2022-11-01
TWX,Time Warner Inc,1992-03-19,2018-06-15,,2018-06-15
UA,Under Armour Inc - Class C,2016-04-07,2026-08-04,2016-04-08,2022-06-21
UAA,Under Armour Inc - Class A,2005-11-18,2026-08-04,2014-05-01,2022-06-21
UIS,Unisys Corp,1972-06-01,2026-08-04,,2008-11-11
UNM,Unum Group,1986-11-06,2026-08-04,,2021-09-20
URBN,Urban Outfitters Inc,1993-11-09,2026-08-07,,2017-03-20
VAR,Varian Medical Systems Inc,1988-01-05,2021-04-16,2007-02-12,2021-04-20
VFC,VF Corp,1985-07-01,2026-08-04,,2024-04-04
VIAB,Viacom Inc,2005-12-05,2019-12-04,2006-01-03,2019-12-05
VNO,Vornado Realty Trust,1988-01-05,2026-08-04,2005-08-12,2023-01-04
VNT,Vontier Corporation,2020-09-25,2026-08-04,2020-10-12,2021-03-22
VTSS,Vitesse Semiconductor Corp,1991-12-11,2015-05-06,2000-12-12,2002-08-21
WBA,Walgreens Boots Alliance Inc,1985-07-01,2025-08-28,,2025-08-28
WCG,WellCare Health Plans Inc,2004-07-01,2020-01-23,2018-09-17,2020-01-28
WEN,Wendy`s Co - Class A,1992-03-17,2026-08-04,,2008-09-30
WFM,Whole Foods Market Inc,1992-01-23,2017-08-29,2006-01-03,2017-08-28
WHR,Whirlpool Corp,1983-06-10,2026-08-04,,2024-03-18
WOR,Worthington Enterprises Inc,1990-03-26,2026-08-04,,2004-12-20
WPX,WPX Energy Inc,2011-12-12,2021-01-14,2012-01-03,2014-03-24
WU,Western Union Company,2006-10-02,2026-08-04,2006-10-02,2021-12-20
WYN,Wyndham Worldwide Corp,2006-07-19,2018-05-31,,2018-05-31
X,United States Steel Corp,1991-04-12,2025-06-18,,2014-07-02
XEC,Cimarex Energy Company,2002-09-25,2021-10-04,2014-06-20,2020-03-03
XL,XL Group plc,1991-07-19,2018-09-13,,2018-09-14
XLNX,Xilinx Inc,1990-06-18,2022-02-14,,2022-02-15
XRAY,DENTSPLY Sirona Inc,1991-04-25,2026-08-04,2008-11-14,2024-04-04
XRX,Xerox Holdings Corp,1977-01-03,2026-08-04,,2021-03-22
XTO,XTO ENERGY INC,2001-01-02,2013-02-07,2004-12-29,2010-06-28
YHOO,Yahoo Inc,1996-04-12,2017-06-26,1999-12-08,2017-06-19
ZION,Zions Bancorporation N.A,1990-03-26,2026-08-04,2001-06-25,2024-03-18
