dataSymbol,instrumentType,active
SPY,EQUITY,true
QQQ,EQUITY,true
IWM,EQUITY,true
DIA,EQUITY,true
SHY,EQUITY,true
IEI,EQUITY,true
IEF,EQUITY,true
TLT,EQUITY,true
USO,EQUITY,true
UNG,EQUITY,true
UGA,EQUITY,true
XLE,EQUITY,true
GLD,EQUITY,true
SLV,EQUITY,true
CPER,EQUITY,true
PPLT,EQUITY,true
CORN,EQUITY,true
WEAT,EQUITY,true
SOYB,EQUITY,true
DBA,EQUITY,true
UUP,EQUITY,true
FXE,EQUITY,true
FXB,EQUITY,true
FXY,EQUITY,true
FXC,EQUITY,true
FXF,EQUITY,true
FXA,EQUITY,true
IBIT,EQUITY,true
VOO,EQUITY,true
VTI,EQUITY,true
XLF,EQUITY,true
XLK,EQUITY,true
XLV,EQUITY,true
XLI,EQUITY,true
XLY,EQUITY,true
XLP,EQUITY,true
XLU,EQUITY,true
XLB,EQUITY,true
XLRE,EQUITY,true
XLC,EQUITY,true
EFA,EQUITY,true
EEM,EQUITY,true
AGG,EQUITY,true
LQD,EQUITY,true
A,EQUITY,true
AAPL,EQUITY,true
ABBV,EQUITY,true
ABNB,EQUITY,true
ABT,EQUITY,true
ACGL,EQUITY,true
ACN,EQUITY,true
ADBE,EQUITY,true
ADI,EQUITY,true
ADM,EQUITY,true
ADP,EQUITY,true
ADSK,EQUITY,true
AEE,EQUITY,true
AEP,EQUITY,true
AES,EQUITY,true
AFL,EQUITY,true
AIG,EQUITY,true
AIZ,EQUITY,true
AJG,EQUITY,true
AKAM,EQUITY,true
ALB,EQUITY,true
ALGN,EQUITY,true
ALL,EQUITY,true
ALLE,EQUITY,true
AMAT,EQUITY,true
AMCR,EQUITY,true
AMD,EQUITY,true
AME,EQUITY,true
AMGN,EQUITY,true
AMP,EQUITY,true
AMT,EQUITY,true
AMZN,EQUITY,true
ANET,EQUITY,true
AON,EQUITY,true
AOS,EQUITY,true
APA,EQUITY,true
APD,EQUITY,true
APH,EQUITY,true
APO,EQUITY,true
APP,EQUITY,true
APTV,EQUITY,true
ARE,EQUITY,true
ARES,EQUITY,true
ATO,EQUITY,true
AVB,EQUITY,true
AVGO,EQUITY,true
AVY,EQUITY,true
AWK,EQUITY,true
AXON,EQUITY,true
AXP,EQUITY,true
AZO,EQUITY,true
BA,EQUITY,true
BAC,EQUITY,true
BALL,EQUITY,true
BAX,EQUITY,true
BBY,EQUITY,true
BDX,EQUITY,true
BEN,EQUITY,true
BF-B,EQUITY,true
BG,EQUITY,true
BIIB,EQUITY,true
BKNG,EQUITY,true
BKR,EQUITY,true
BLDR,EQUITY,true
BLK,EQUITY,true
BMY,EQUITY,true
BNY,EQUITY,true
BR,EQUITY,true
BRK-B,EQUITY,true
BRO,EQUITY,true
BSX,EQUITY,true
BX,EQUITY,true
BXP,EQUITY,true
C,EQUITY,true
CAH,EQUITY,true
CARR,EQUITY,true
CASY,EQUITY,true
CAT,EQUITY,true
CB,EQUITY,true
CBOE,EQUITY,true
CBRE,EQUITY,true
CCI,EQUITY,true
CCL,EQUITY,true
CDNS,EQUITY,true
CDW,EQUITY,true
CEG,EQUITY,true
CF,EQUITY,true
CFG,EQUITY,true
CHD,EQUITY,true
CHRW,EQUITY,true
CHTR,EQUITY,true
CI,EQUITY,true
CIEN,EQUITY,true
CINF,EQUITY,true
CL,EQUITY,true
CLX,EQUITY,true
CMCSA,EQUITY,true
CME,EQUITY,true
CMG,EQUITY,true
CMI,EQUITY,true
CMS,EQUITY,true
CNC,EQUITY,true
CNP,EQUITY,true
COF,EQUITY,true
COHR,EQUITY,true
COIN,EQUITY,true
COO,EQUITY,true
COP,EQUITY,true
COR,EQUITY,true
COST,EQUITY,true
CPAY,EQUITY,true
CPRT,EQUITY,true
CPT,EQUITY,true
CRH,EQUITY,true
CRL,EQUITY,true
CRM,EQUITY,true
CRWD,EQUITY,true
CSCO,EQUITY,true
CSGP,EQUITY,true
CSX,EQUITY,true
CTAS,EQUITY,true
CTSH,EQUITY,true
CTVA,EQUITY,true
CVNA,EQUITY,true
CVS,EQUITY,true
CVX,EQUITY,true
D,EQUITY,true
DAL,EQUITY,true
DASH,EQUITY,true
DD,EQUITY,true
DDOG,EQUITY,true
DE,EQUITY,true
DECK,EQUITY,true
DELL,EQUITY,true
DG,EQUITY,true
DGX,EQUITY,true
DHI,EQUITY,true
DHR,EQUITY,true
DIS,EQUITY,true
DLR,EQUITY,true
DLTR,EQUITY,true
DOC,EQUITY,true
DOV,EQUITY,true
DOW,EQUITY,true
DPZ,EQUITY,true
DRI,EQUITY,true
DTE,EQUITY,true
DUK,EQUITY,true
DVA,EQUITY,true
DVN,EQUITY,true
DXCM,EQUITY,true
EBAY,EQUITY,true
ECHO,EQUITY,true
ECL,EQUITY,true
ED,EQUITY,true
EFX,EQUITY,true
EG,EQUITY,true
EIX,EQUITY,true
EL,EQUITY,true
ELV,EQUITY,true
EME,EQUITY,true
EMR,EQUITY,true
EOG,EQUITY,true
EQIX,EQUITY,true
EQR,EQUITY,true
EQT,EQUITY,true
ERIE,EQUITY,true
ES,EQUITY,true
ESS,EQUITY,true
ETN,EQUITY,true
ETR,EQUITY,true
EVRG,EQUITY,true
EW,EQUITY,true
EXC,EQUITY,true
EXE,EQUITY,true
EXPD,EQUITY,true
EXPE,EQUITY,true
EXR,EQUITY,true
F,EQUITY,true
FANG,EQUITY,true
FAST,EQUITY,true
FCX,EQUITY,true
FDS,EQUITY,true
FDX,EQUITY,true
FDXF,EQUITY,true
FE,EQUITY,true
FERG,EQUITY,true
FFIV,EQUITY,true
FICO,EQUITY,true
FIS,EQUITY,true
FISV,EQUITY,true
FITB,EQUITY,true
FIX,EQUITY,true
FLEX,EQUITY,true
FOX,EQUITY,true
FOXA,EQUITY,true
FRT,EQUITY,true
FSLR,EQUITY,true
FTNT,EQUITY,true
FTV,EQUITY,true
GD,EQUITY,true
GDDY,EQUITY,true
GE,EQUITY,true
GEHC,EQUITY,true
GEN,EQUITY,true
GEV,EQUITY,true
GILD,EQUITY,true
GIS,EQUITY,true
GL,EQUITY,true
GLW,EQUITY,true
GM,EQUITY,true
GNRC,EQUITY,true
GOOG,EQUITY,true
GOOGL,EQUITY,true
GPC,EQUITY,true
GPN,EQUITY,true
GRMN,EQUITY,true
GS,EQUITY,true
GWW,EQUITY,true
HAL,EQUITY,true
HAS,EQUITY,true
HBAN,EQUITY,true
HCA,EQUITY,true
HD,EQUITY,true
HIG,EQUITY,true
HII,EQUITY,true
HLT,EQUITY,true
HON,EQUITY,true
HONA,EQUITY,true
HOOD,EQUITY,true
HPE,EQUITY,true
HPQ,EQUITY,true
HRL,EQUITY,true
HSIC,EQUITY,true
HST,EQUITY,true
HSY,EQUITY,true
HUBB,EQUITY,true
HUM,EQUITY,true
HWM,EQUITY,true
IBKR,EQUITY,true
IBM,EQUITY,true
ICE,EQUITY,true
IDXX,EQUITY,true
IEX,EQUITY,true
IFF,EQUITY,true
INCY,EQUITY,true
INTC,EQUITY,true
INTU,EQUITY,true
INVH,EQUITY,true
IP,EQUITY,true
IQV,EQUITY,true
IR,EQUITY,true
IRM,EQUITY,true
ISRG,EQUITY,true
IT,EQUITY,true
ITW,EQUITY,true
IVZ,EQUITY,true
J,EQUITY,true
JBHT,EQUITY,true
JBL,EQUITY,true
JCI,EQUITY,true
JKHY,EQUITY,true
JNJ,EQUITY,true
JPM,EQUITY,true
KDP,EQUITY,true
KEY,EQUITY,true
KEYS,EQUITY,true
KHC,EQUITY,true
KIM,EQUITY,true
KKR,EQUITY,true
KLAC,EQUITY,true
KMB,EQUITY,true
KMI,EQUITY,true
KO,EQUITY,true
KR,EQUITY,true
KVUE,EQUITY,true
L,EQUITY,true
LDOS,EQUITY,true
LEN,EQUITY,true
LH,EQUITY,true
LHX,EQUITY,true
LII,EQUITY,true
LIN,EQUITY,true
LITE,EQUITY,true
LLY,EQUITY,true
LMT,EQUITY,true
LNT,EQUITY,true
LOW,EQUITY,true
LRCX,EQUITY,true
LULU,EQUITY,true
LUV,EQUITY,true
LVS,EQUITY,true
LYB,EQUITY,true
LYV,EQUITY,true
MA,EQUITY,true
MAA,EQUITY,true
MAR,EQUITY,true
MAS,EQUITY,true
MCD,EQUITY,true
MCHP,EQUITY,true
MCK,EQUITY,true
MCO,EQUITY,true
MDLZ,EQUITY,true
MDT,EQUITY,true
MET,EQUITY,true
META,EQUITY,true
MGM,EQUITY,true
MKC,EQUITY,true
MLM,EQUITY,true
MMM,EQUITY,true
MNST,EQUITY,true
MO,EQUITY,true
MOS,EQUITY,true
MPC,EQUITY,true
MPWR,EQUITY,true
MRK,EQUITY,true
MRNA,EQUITY,true
MRSH,EQUITY,true
MRVL,EQUITY,true
MS,EQUITY,true
MSCI,EQUITY,true
MSFT,EQUITY,true
MSI,EQUITY,true
MTB,EQUITY,true
MTD,EQUITY,true
MU,EQUITY,true
NCLH,EQUITY,true
NDAQ,EQUITY,true
NDSN,EQUITY,true
NEE,EQUITY,true
NEM,EQUITY,true
NFLX,EQUITY,true
NI,EQUITY,true
NKE,EQUITY,true
NOC,EQUITY,true
NOW,EQUITY,true
NRG,EQUITY,true
NSC,EQUITY,true
NTAP,EQUITY,true
NTRS,EQUITY,true
NUE,EQUITY,true
NVDA,EQUITY,true
NVR,EQUITY,true
NWS,EQUITY,true
NWSA,EQUITY,true
NXPI,EQUITY,true
O,EQUITY,true
ODFL,EQUITY,true
OKE,EQUITY,true
OMC,EQUITY,true
ON,EQUITY,true
ORCL,EQUITY,true
ORLY,EQUITY,true
OTIS,EQUITY,true
OXY,EQUITY,true
PANW,EQUITY,true
PAYX,EQUITY,true
PCAR,EQUITY,true
PCG,EQUITY,true
PEG,EQUITY,true
PEP,EQUITY,true
PFE,EQUITY,true
PFG,EQUITY,true
PG,EQUITY,true
PGR,EQUITY,true
PH,EQUITY,true
PHM,EQUITY,true
PKG,EQUITY,true
PLD,EQUITY,true
PLTR,EQUITY,true
PM,EQUITY,true
PNC,EQUITY,true
PNR,EQUITY,true
PNW,EQUITY,true
PODD,EQUITY,true
PPG,EQUITY,true
PPL,EQUITY,true
PRU,EQUITY,true
PSA,EQUITY,true
PSKY,EQUITY,true
PSX,EQUITY,true
PTC,EQUITY,true
PWR,EQUITY,true
PYPL,EQUITY,true
Q,EQUITY,true
QCOM,EQUITY,true
RCL,EQUITY,true
REG,EQUITY,true
REGN,EQUITY,true
RF,EQUITY,true
RJF,EQUITY,true
RL,EQUITY,true
RMD,EQUITY,true
ROK,EQUITY,true
ROL,EQUITY,true
ROP,EQUITY,true
ROST,EQUITY,true
RSG,EQUITY,true
RTX,EQUITY,true
RVTY,EQUITY,true
SBAC,EQUITY,true
SBUX,EQUITY,true
SCHW,EQUITY,true
SHW,EQUITY,true
SJM,EQUITY,true
SLB,EQUITY,true
SMCI,EQUITY,true
SNA,EQUITY,true
SNDK,EQUITY,true
SNPS,EQUITY,true
SO,EQUITY,true
SOLV,EQUITY,true
SPG,EQUITY,true
SPGI,EQUITY,true
SRE,EQUITY,true
STE,EQUITY,true
STLD,EQUITY,true
STT,EQUITY,true
STX,EQUITY,true
STZ,EQUITY,true
SW,EQUITY,true
SWK,EQUITY,true
SWKS,EQUITY,true
SYF,EQUITY,true
SYK,EQUITY,true
SYY,EQUITY,true
T,EQUITY,true
TAP,EQUITY,true
TDG,EQUITY,true
TDY,EQUITY,true
TECH,EQUITY,true
TEL,EQUITY,true
TER,EQUITY,true
TFC,EQUITY,true
TGT,EQUITY,true
TJX,EQUITY,true
TKO,EQUITY,true
TMO,EQUITY,true
TMUS,EQUITY,true
TPL,EQUITY,true
TPR,EQUITY,true
TRGP,EQUITY,true
TRMB,EQUITY,true
TROW,EQUITY,true
TRV,EQUITY,true
TSCO,EQUITY,true
TSLA,EQUITY,true
TSN,EQUITY,true
TT,EQUITY,true
TTD,EQUITY,true
TTWO,EQUITY,true
TXN,EQUITY,true
TXT,EQUITY,true
TYL,EQUITY,true
UAL,EQUITY,true
UBER,EQUITY,true
UDR,EQUITY,true
UHS,EQUITY,true
ULTA,EQUITY,true
UNH,EQUITY,true
UNP,EQUITY,true
UPS,EQUITY,true
URI,EQUITY,true
USB,EQUITY,true
V,EQUITY,true
VEEV,EQUITY,true
VICI,EQUITY,true
VLO,EQUITY,true
VLTO,EQUITY,true
VMC,EQUITY,true
VRSK,EQUITY,true
VRSN,EQUITY,true
VRT,EQUITY,true
VRTX,EQUITY,true
VST,EQUITY,true
VTR,EQUITY,true
VTRS,EQUITY,true
VZ,EQUITY,true
WAB,EQUITY,true
WAT,EQUITY,true
WBD,EQUITY,true
WDAY,EQUITY,true
WDC,EQUITY,true
WEC,EQUITY,true
WELL,EQUITY,true
WFC,EQUITY,true
WM,EQUITY,true
WMB,EQUITY,true
WMT,EQUITY,true
WRB,EQUITY,true
WSM,EQUITY,true
WST,EQUITY,true
WTW,EQUITY,true
WY,EQUITY,true
WYNN,EQUITY,true
XEL,EQUITY,true
XOM,EQUITY,true
XYL,EQUITY,true
XYZ,EQUITY,true
YUM,EQUITY,true
ZBH,EQUITY,true
ZBRA,EQUITY,true
ZTS,EQUITY,true
AAL,EQUITY,false
AAMRQ,EQUITY,false
AAP,EQUITY,false
ABMD,EQUITY,false
ACAS,EQUITY,false
AET,EQUITY,false
AIV,EQUITY,false
ALK,EQUITY,false
ALXN,EQUITY,false
AMCC,EQUITY,false
AMG,EQUITY,false
AMTM,EQUITY,false
AN,EQUITY,false
ANDV,EQUITY,false
ANF,EQUITY,false
ANSS,EQUITY,false
ARG,EQUITY,false
ASH,EQUITY,false
ATI,EQUITY,false
ATVI,EQUITY,false
AVP,EQUITY,false
AYE,EQUITY,false
AYI,EQUITY,false
BBBY,EQUITY,false
BBT,EQUITY,false
BBWI,EQUITY,false
BC,EQUITY,false
BCR,EQUITY,false
BGG,EQUITY,false
BHF,EQUITY,false
BIO,EQUITY,false
BJS,EQUITY,false
BMS,EQUITY,false
BRCM,EQUITY,false
BRL,EQUITY,false
BVSN,EQUITY,false
BWA,EQUITY,false
BXLT,EQUITY,false
CAG,EQUITY,false
CAM,EQUITY,false
CAR,EQUITY,false
CCK,EQUITY,false
CCU,EQUITY,false
CE,EQUITY,false
CELG,EQUITY,false
CERN,EQUITY,false
CFN,EQUITY,false
CLF,EQUITY,false
CMA,EQUITY,false
CMCSK,EQUITY,false
CNX,EQUITY,false
COL,EQUITY,false
COTY,EQUITY,false
COV,EQUITY,false
CPB,EQUITY,false
CPGX,EQUITY,false
CPRI,EQUITY,false
CSRA,EQUITY,false
CTB,EQUITY,false
CTLT,EQUITY,false
CTXS,EQUITY,false
CVC,EQUITY,false
CVG,EQUITY,false
CXO,EQUITY,false
DAY,EQUITY,false
DDR,EQUITY,false
DDS,EQUITY,false
DFS,EQUITY,false
DISCK,EQUITY,false
DISH,EQUITY,false
DLX,EQUITY,false
DNR,EQUITY,false
DRE,EQUITY,false
DXC,EQUITY,false
EA,EQUITY,false
EDS,EQUITY,false
EMN,EQUITY,false
ENPH,EQUITY,false
EPAM,EQUITY,false
ESRX,EQUITY,false
ETFC,EQUITY,false
ETSY,EQUITY,false
EVHC,EQUITY,false
FCPT,EQUITY,false
FDO,EQUITY,false
FHN,EQUITY,false
FL,EQUITY,false
FLIR,EQUITY,false
FLR,EQUITY,false
FLS,EQUITY,false
FLT,EQUITY,false
FMC,EQUITY,false
FMCC,EQUITY,false
FNMA,EQUITY,false
FRX,EQUITY,false
FTI,EQUITY,false
FWLT,EQUITY,false
GENZ,EQUITY,false
GGP,EQUITY,false
GHC,EQUITY,false
GMCR,EQUITY,false
GME,EQUITY,true
GNW,EQUITY,false
GRA,EQUITY,false
GT,EQUITY,false
HBI,EQUITY,false
HCBK,EQUITY,false
HES,EQUITY,false
HNZ,EQUITY,false
HOG,EQUITY,false
HOLX,EQUITY,false
HP,EQUITY,false
HPC,EQUITY,false
HRB,EQUITY,false
HSP,EQUITY,false
ILMN,EQUITY,false
IPG,EQUITY,false
IPGP,EQUITY,false
ITT,EQUITY,false
JEF,EQUITY,false
JNPR,EQUITY,false
JNS,EQUITY,false
JNY,EQUITY,false
JOY,EQUITY,false
JWN,EQUITY,false
K,EQUITY,false
KATE,EQUITY,false
KBH,EQUITY,false
KMG,EQUITY,false
KMX,EQUITY,false
KRFT,EQUITY,false
KSS,EQUITY,false
KSU,EQUITY,false
LEG,EQUITY,false
LKQ,EQUITY,false
LLTC,EQUITY,false
LM,EQUITY,false
LNC,EQUITY,false
LO,EQUITY,false
LPX,EQUITY,false
LSI,EQUITY,false
LUMN,EQUITY,false
LVLT,EQUITY,false
LW,EQUITY,false
M,EQUITY,false
MAC,EQUITY,false
MAT,EQUITY,false
MBI,EQUITY,false
MDP,EQUITY,false
MDR,EQUITY,false
MER,EQUITY,false
MHK,EQUITY,false
MHS,EQUITY,false
MJN,EQUITY,false
MKTX,EQUITY,false
MOH,EQUITY,false
MRO,EQUITY,false
MTCH,EQUITY,false
MTG,EQUITY,false
MTW,EQUITY,false
MUR,EQUITY,false
MWV,EQUITY,false
MWW,EQUITY,false
MXIM,EQUITY,false
MYL,EQUITY,false
NAV,EQUITY,false
NAVI,EQUITY,false
NBL,EQUITY,false
NBR,EQUITY,false
NC,EQUITY,false
NKTR,EQUITY,false
NLSN,EQUITY,false
NOV,EQUITY,false
NWL,EQUITY,false
NYT,EQUITY,false
NYX,EQUITY,false
ODP,EQUITY,false
OGN,EQUITY,false
OI,EQUITY,false
OMX,EQUITY,false
PAYC,EQUITY,false
PBCT,EQUITY,false
PBG,EQUITY,false
PBI,EQUITY,false
PCH,EQUITY,false
PDCO,EQUITY,false
PENN,EQUITY,false
PETM,EQUITY,false
POOL,EQUITY,false
PRGO,EQUITY,false
PVH,EQUITY,false
PXD,EQUITY,false
QEP,EQUITY,false
QRVO,EQUITY,false
R,EQUITY,false
RAI,EQUITY,false
RDC,EQUITY,false
RHI,EQUITY,false
RHT,EQUITY,false
ROH,EQUITY,false
RRC,EQUITY,false
RRD,EQUITY,false
RTN,EQUITY,false
SANM,EQUITY,false
SAPE,EQUITY,false
SBNY,EQUITY,false
SCG,EQUITY,false
SCI,EQUITY,false
SEDG,EQUITY,false
SEE,EQUITY,false
SIAL,EQUITY,false
SLG,EQUITY,false
SLM,EQUITY,false
SNI,EQUITY,false
SNV,EQUITY,false
SOV,EQUITY,false
SRCL,EQUITY,false
SSP,EQUITY,false
STJ,EQUITY,false
SVU,EQUITY,false
SWN,EQUITY,false
SWY,EQUITY,false
TDC,EQUITY,false
TEX,EQUITY,false
TFX,EQUITY,false
TGNA,EQUITY,false
THC,EQUITY,false
TIE,EQUITY,false
TIF,EQUITY,false
TKR,EQUITY,false
TRIP,EQUITY,false
TSS,EQUITY,false
TWC,EQUITY,false
TWTR,EQUITY,false
TWX,EQUITY,false
UA,EQUITY,false
UAA,EQUITY,false
UIS,EQUITY,false
UNM,EQUITY,false
VAR,EQUITY,false
VFC,EQUITY,false
VIAB,EQUITY,false
VNO,EQUITY,false
VNT,EQUITY,false
VTSS,EQUITY,false
WBA,EQUITY,false
WCG,EQUITY,false
WEN,EQUITY,false
WFM,EQUITY,false
WHR,EQUITY,false
WOR,EQUITY,false
WPX,EQUITY,false
WU,EQUITY,false
X,EQUITY,false
XEC,EQUITY,false
XLNX,EQUITY,false
XRAY,EQUITY,false
XRX,EQUITY,false
XTO,EQUITY,false
ZION,EQUITY,false
BABA,EQUITY,true
PDD,EQUITY,true
NIO,EQUITY,true
TSM,EQUITY,true
JD,EQUITY,true
BIDU,EQUITY,true
LI,EQUITY,true
XPEV,EQUITY,true
NU,EQUITY,true
SE,EQUITY,true
SHOP,EQUITY,true
RIVN,EQUITY,true
LCID,EQUITY,true
MARA,EQUITY,true
RIOT,EQUITY,true
AMC,EQUITY,true
AFRM,EQUITY,true
UPST,EQUITY,true
RBLX,EQUITY,true
SNAP,EQUITY,true
IONQ,EQUITY,true
SOFI,EQUITY,true
