ticker,status,name,exchange,startDate,endDate
BNI,AVAILABLE,BURLINGTON NORTHERN SANTA FE LLC,NYSE,,
AL,AVAILABLE,Sumisho Air Lease Corp - Class A,NYSE,2011-04-19,2026-08-04
LXK,AVAILABLE,Lexmark International Inc,NYSE,2016-01-04,2016-11-29
BMS,AVAILABLE,Bemis Company Inc,NYSE,1984-09-07,2019-06-28
AGC,AVAILABLE,Advent Claymore Convertible Securities and Income Fund Commo,NYSE,2007-05-25,2018-08-24
FDC,AVAILABLE,FIRST DATA CORP,NYSE,2015-10-15,2019-08-05
FDO,AVAILABLE,Family Dollar Stores Inc,NYSE,1985-02-25,2015-07-13
RHI,AVAILABLE,Robert Half Inc,NYSE,1992-03-10,2026-08-04
M,AVAILABLE,Macy`s Inc,NYSE,1992-02-05,2026-08-04
FHN,AVAILABLE,First Horizon Corporation,NYSE,1990-03-26,2026-08-04
RE,AVAILABLE,,NYSE,,
MAC,AVAILABLE,Macerich Company,NYSE,1994-03-10,2026-08-04
BOL,AVAILABLE,BAUSCH & LOMB INC,,,
RHT,AVAILABLE,Red Hat Inc,NYSE,1999-08-11,2019-07-08
FII,NOT_FOUND,,,,
BRCM,AVAILABLE,Broadcom Corp,NASDAQ,2016-01-04,2016-02-09
ALK,AVAILABLE,Alaska Air Group Inc,NYSE,1983-01-03,2026-08-04
RLM,AVAILABLE,Realm Therapeutics ADR,NASDAQ,2018-09-05,2019-07-31
MAT,AVAILABLE,Mattel Inc,NASDAQ,1982-01-04,2026-08-04
ALXN,AVAILABLE,Alexion Pharmaceuticals Inc,NASDAQ,1996-02-28,2021-07-28
BRL,AVAILABLE,BARR PHARMACEUTICALS INC,NYSE,2006-12-28,2008-12-22
BTUUQ,AVAILABLE,PEABODY ENERGY CORP,PINK,2016-01-04,2017-04-11
FL,AVAILABLE,Foot Locker Inc,NYSE,1970-01-02,2026-08-04
ROH,AVAILABLE,ROHM HAAS CO,NYSE,2006-12-28,2009-04-01
AMCC,AVAILABLE,Applied Micro Circuits Corp,NASDAQ,2001-01-02,2017-02-03
AM,AVAILABLE,Antero Midstream Corp,NYSE,2014-11-05,2026-08-04
MAY,AVAILABLE,MAY DEPARTMENT STORES CO,,,
FLR,AVAILABLE,Fluor Corporation,NYSE,2000-12-01,2026-08-04
FLIR,AVAILABLE,Flir Systems Inc,NASDAQ,1993-06-22,2021-05-14
AMG,AVAILABLE,Affiliated Managers Group Inc,NYSE,1997-11-21,2026-08-04
MDP,AVAILABLE,Meredith Corp,NYSE NAT,1985-07-01,2021-12-01
RRC,AVAILABLE,Range Resources Corp,NYSE,1992-12-28,2026-08-04
BUD,AVAILABLE,Anheuser-Busch InBev SA/NV,NYSE,2009-07-01,2026-08-04
RRD,AVAILABLE,R.R. Donnelley & Sons Company,NASDAQ,1985-07-01,2022-02-25
BVSN,AVAILABLE,BroadVision Inc,NASDAQ,1996-06-21,2020-05-18
MEA,AVAILABLE,Metalico Inc,AMEX,2005-08-17,2015-09-11
MDR,AVAILABLE,McDermott International,NYSE,1982-12-31,2020-01-22
RTN,AVAILABLE,Raytheon Company,NYSE,1981-12-31,2020-04-03
FLS,AVAILABLE,Flowserve Corp,NYSE,1990-03-26,2026-08-04
AN,AVAILABLE,Autonation Inc,NYSE,1992-03-03,2026-08-04
BWA,AVAILABLE,BorgWarner Inc,NYSE,1993-08-13,2026-08-04
MEDI,AVAILABLE,HARBOR HEALTH CARE ETF ,NYSE,2022-11-17,2026-08-04
RVTY (Previously PKI),NOT_FOUND,,,,
FLT,AVAILABLE,Fleetcor Technologies Inc,NYSE,2010-12-15,2026-08-04
ANDV,AVAILABLE,Andeavor Corp,NYSE,1983-04-06,2018-09-28
FLTWQ,AVAILABLE,FLEETWOOD ENTERPRISES INC,,,
CA,AVAILABLE,XTRACKERS CALIFORNIA MUNICIPAL BOND ETF ,NASDAQ,2023-12-14,2026-08-04
ANDW,AVAILABLE,ANDREW CORP,NASDAQ,,
RX,AVAILABLE,IMS HEALTH INC,NYSE,,
ANF,AVAILABLE,Abercrombie & Fitch Co. - Class A,NYSE,1996-09-26,2026-08-04
MEL,AVAILABLE,MELLON FINANCIAL CORP,,,
CAM,AVAILABLE,AB CALIFORNIA INTERMEDIATE MUNICIPAL ETF ,NYSE,1995-07-05,2026-08-04
FMCC,AVAILABLE,Federal Home Loan Mortgage Corp,PINK,1988-12-02,2026-08-04
MER,AVAILABLE,MERRILL LYNCH CO INC,NYSE,2006-12-28,2008-12-31
SANM,AVAILABLE,Sanmina Corp,NASDAQ,1993-06-22,2026-08-04
CAR,AVAILABLE,Avis Budget Group Inc,NASDAQ,1990-01-12,2026-08-04
FNMA,AVAILABLE,Federal National Mortgage Association,PINK,1977-01-03,2026-08-04
AIV,AVAILABLE,Apartment Investment & Management Co. - Class A,NYSE,1994-07-22,2026-08-04
MERQ,AVAILABLE,Merqueo Holdings,NASDAQ,,
SAPE,AVAILABLE,Sapient Corp,NASDAQ,1996-04-04,2015-02-05
FJ,AVAILABLE,FORT JAMES CORP,,,
ANTM,AVAILABLE,,NYSE,,
MBI,AVAILABLE,MBIA Inc,NYSE,1987-07-02,2026-08-04
BSC,AVAILABLE,BEAR STEARNS COMPANIES INC,,,
CBE,AVAILABLE,Cooper Industries Plc,NYSE,,
RML,AVAILABLE,RUSSELL CORP,NYSE,,
FPC,AVAILABLE,Ford Motor Company,NYSE,2026-06-10,2026-08-04
SBL,AVAILABLE,SYMBOL TECHNOLOGIES INC,,,
MHS,AVAILABLE,MEDCO HEALTH SOLUTIONS INC,NYSE,2006-12-28,2013-04-10
APC,AVAILABLE,ARKO Petroleum Corp - Class A,NASDAQ,2026-02-12,2026-08-04
CBH,AVAILABLE,Virtus Convertible & Income 2024 Target Term Fund,NYSE,2017-06-28,2024-08-26
FRC,NOT_FOUND,,,,
MIR,AVAILABLE,Mirion Technologies Inc - Class A,NYSE,2020-08-20,2026-08-04
SBNY,AVAILABLE,Signature Bank,PINK,2004-03-23,2026-08-04
CBS,NOT_FOUND,,,,
ATGE,NOT_FOUND,,,,
AMTM,AVAILABLE,Amentum Holdings Inc,NYSE,2024-09-24,2026-08-04
MJN,AVAILABLE,Mead Johnson Nutrition CO,NYSE,2009-02-11,2017-07-14
FSH,AVAILABLE,FISHER SCIENTIFIC INTERNATIONAL INC,,,
APCC,AVAILABLE,AMERICAN POWER CONVERSION CORP,,,
SCI,AVAILABLE,Service Corp International,NYSE,1987-07-23,2026-08-04
BXLT,AVAILABLE,Baxalta Inc,NYSE,2015-06-30,2016-06-16
APOL,AVAILABLE,Apollo Education Group Inc,NASDAQ,2016-01-04,2017-02-09
CCK,AVAILABLE,Crown Holdings Inc,NYSE,1984-12-18,2026-08-04
MEE,AVAILABLE,MASSEY ENERGY CO,NYSE,,
FSL,AVAILABLE,Freescale Semiconductor Ltd,NYSE,2011-05-26,2015-12-15
MMI,AVAILABLE,Marcus & Millichap Inc,NYSE,2013-10-31,2026-08-04
SDS,AVAILABLE,ProShares UltraShort S&P500 -2x Shares,NYSE,2006-07-13,2026-08-04
ARC,AVAILABLE,ARC Document Solutions Inc,NYSE,2005-02-04,2024-11-22
CCTYQ,AVAILABLE,CIRCUIT CITY STORES INC,,,
FMC,AVAILABLE,FMC Corp,NYSE,1985-07-01,2026-08-04
FTI,AVAILABLE,TechnipFMC plc,NYSE,2001-06-14,2026-08-04
MOLX,AVAILABLE,Molex Inc,NASDAQ,,
SEBL,AVAILABLE,SIEBEL SYSTEMS INC,NASDAQ,,
SAF,AVAILABLE,Saratoga Investment Corp,NYSE,2018-08-29,2021-08-30
FTR,AVAILABLE,Frontier Communications Corp,NYSE,2020-04-23,2021-06-01
SEDG,AVAILABLE,Solaredge Technologies Inc,NASDAQ,2015-03-26,2026-08-04
MRO,AVAILABLE,Marathon Oil Corporation,NYSE,1970-01-02,2024-11-22
ARG,AVAILABLE,Airgas Inc,NYSE,1986-12-22,2016-05-31
CCU,AVAILABLE,Compania Cervecerias Unidas S.A.,NYSE,2001-01-02,2026-08-04
CDAY,AVAILABLE,Hamilton Enhanced Canadian Equity DayMAX ETF,NEOE,2026-06-08,2026-06-10
FWLT,AVAILABLE,Foster Wheeler AG,NASDAQ,1972-06-01,2014-12-03
MTG,AVAILABLE,MGIC Investment Corp,NYSE,1991-08-07,2026-08-04
SEE,AVAILABLE,Sealed Air Corp,NYSE,1987-12-30,2026-04-09
G,AVAILABLE,Genpact Ltd,NYSE,2007-08-02,2026-08-04
ASN,AVAILABLE,ARCHSTONE SMITH TRUST,NYSE,,
SEG,AVAILABLE,Seaport Entertainment Group Inc,NYSE,2024-07-30,2026-08-04
ANSS,AVAILABLE,Ansys Inc,NASDAQ,1996-06-21,2026-08-04
ASO,AVAILABLE,Academy Sports and Outdoors Inc,NASDAQ,2020-10-02,2026-08-04
CELG,AVAILABLE,Celgene Corp,NASDAQ,1990-03-26,2019-11-22
MTW,AVAILABLE,Manitowoc Co. Inc,NYSE,1990-03-26,2026-08-04
AT,AVAILABLE,Atlantic Power Corp,NYSE,2009-12-03,2021-05-14
CEN,AVAILABLE,Center Coast Brookfield MLP & Energy Infrastructure Fund,NYSE,2013-09-26,2023-10-06
GDT,AVAILABLE,WISDOMTREE EFFICIENT TIPS PLUS GOLD FUND ,BATS,2026-01-22,2026-08-04
MUR,AVAILABLE,Murphy Oil Corp,NYSE,1983-04-06,2026-08-04
SGID,AVAILABLE,SILICON GRAPHICS INC,,,
MWV,AVAILABLE,MeadWestvaco Corp,NYSE,1985-07-01,2015-07-01
CEPH,AVAILABLE,CEPHALON INC,NASDAQ,,
GDW,AVAILABLE,GOLDEN WEST FINANCIAL CORP,NYSE,,
SGP,AVAILABLE,SpyGlass Pharma Inc,NASDAQ,2026-02-06,2026-08-04
ATVI,AVAILABLE,Activision Blizzard Inc,NASDAQ,1993-10-25,2023-10-13
CERN,AVAILABLE,Cerner Corp,NASDAQ,1990-03-26,2022-09-08
GENZ,AVAILABLE,VANECK DIGITAL NATIVE ECONOMY ETF ,NASDAQ,2008-01-24,2026-08-04
MWW,AVAILABLE,Monster Worldwide Inc,NYSE,2008-11-11,2016-11-09
SIAL,AVAILABLE,SigmaAldrich Corp,NASDAQ,1990-03-26,2015-11-18
FRX,AVAILABLE,Forest Laboratories Inc,NYSE,1988-04-19,2014-07-01
SCG,AVAILABLE,SCANA Corp,NYSE,1987-12-30,2018-12-31
CFC,AVAILABLE,COUNTRYWIDE FINANCIAL CORP,NYSE,,
CBSS,AVAILABLE,COMPASS BANCSHARES INC,OTCBB,,
AV,AVAILABLE,Aviva plc,BATS,2026-05-06,2026-08-04
GGP,AVAILABLE,General Growth Properties Inc,NYSE,1993-04-08,2018-08-28
AVP,AVAILABLE,Avon Products Inc,NYSE,1972-06-01,2020-01-03
SIVB,NOT_FOUND,,,,
MXIM,AVAILABLE,Maxim Integrated Products Inc,NASDAQ,1990-03-26,2021-09-01
MKG,AVAILABLE,MALLINCKRODT INC,,,
CFN,AVAILABLE,CareFusion Corp,NYSE,2009-08-21,2015-03-17
GLK,AVAILABLE,GREAT LAKES CHEMICAL CORP,,,
MYG,AVAILABLE,MAYTAG CORP,NYSE,,
AW,AVAILABLE,Allied Waste Industries LLC,OTCMKTS,,
SLM,AVAILABLE,SLM Corp,NASDAQ,1988-01-05,2026-08-04
ASH,AVAILABLE,Ashland Inc,NYSE,1983-04-06,2026-08-04
AWE,AVAILABLE,ATT WIRELESS SERVICES INC,,,
MZIAQ,AVAILABLE,MILACRON INC,,,
CGP,AVAILABLE,COASTAL CORP,,,
GMCR,AVAILABLE,Green Mountain Coffee Roasters Inc,NASDAQ,2001-01-12,2016-03-04
CE,AVAILABLE,Celanese Corp - Series A,NYSE,2005-01-21,2026-08-04
AYE,AVAILABLE,ALLEGHENY ENERGY INC,NYSE,2006-12-28,2011-11-30
CHA,AVAILABLE,Chagee Holdings Ltd,NASDAQ,2025-04-17,2026-08-04
MTLQQ,AVAILABLE,General Motors Corp,NYSE,,
SLR,AVAILABLE,SOLECTRON CORP,,,
GNW,AVAILABLE,Genworth Financial Inc - Class A,NYSE,2004-05-25,2026-08-04
SMI,AVAILABLE,VanEck HIP Sustainable Muni ETF,BATS,2021-09-10,2026-08-04
NAV,AVAILABLE,Navistar International Corp,NYSE,1970-01-02,2021-06-30
SFA,AVAILABLE,SCIENTIFIC ATLANTA INC,NYSE,,
GAPTQ,AVAILABLE,GREAT ATLANTIC PACIFIC TEA CO INC,NYSE,,
CHIR,AVAILABLE,Global X MSCI China Real Estate ETF,NYSE ARCA,2018-12-11,2024-02-23
GP,AVAILABLE,GreenPower Motor Company Inc,NASDAQ,2015-02-10,2026-08-04
NAVI,AVAILABLE,Navient Corp,NASDAQ,2014-04-17,2026-08-04
AZA-A,AVAILABLE,Alza Corp,NYSE,,
SMS,AVAILABLE,SHARED MEDICAL SYSTEMS CORP,,,
NBL,AVAILABLE,Noble Energy Inc,NYSE,1982-01-04,2020-10-06
GPS,AVAILABLE,GPS ALLIANCE HOLDINGS LTD,ASX,,
SNI,AVAILABLE,Scripps Networks Interactive Inc,NYSE,2008-06-12,2018-03-16
CIN,AVAILABLE,CINERGY CORP,,,
AAL,AVAILABLE,American Airlines Group Inc,NASDAQ,2005-09-27,2026-08-04
BBBY,AVAILABLE,Beyond Inc,NYSE,2002-05-30,2026-08-04
GPU,AVAILABLE,GPU INC,,,
SNV,AVAILABLE,Synovus Financial Corp,NYSE,1990-01-12,2025-12-31
ATI,AVAILABLE,ATI Inc,NYSE,1999-11-29,2026-08-04
CITGQ,AVAILABLE,CIT GROUP INC,NYSE,,
BBT,AVAILABLE,Beacon Financial Corp,NYSE,2000-06-28,2026-08-04
NC,AVAILABLE,Nacco Industries Inc - Class A,NYSE,1977-06-17,2026-08-04
AAP,AVAILABLE,Advance Auto Parts Inc,NYSE,2001-11-29,2026-08-04
BBWI,AVAILABLE,Bath & Body Works Inc,NYSE,1985-07-01,2026-08-04
CLF,AVAILABLE,Cleveland-Cliffs Inc,NYSE,1987-11-05,2026-08-04
GRA,AVAILABLE,W.R. Grace & Company,NYSE,1982-01-04,2021-09-22
SOV,AVAILABLE,Santander Holdings USA Inc,NYSE,2006-12-28,2009-01-29
NCC,AVAILABLE,NATIONAL CITY CORP,NYSE,,
GHC,AVAILABLE,Graham Holdings Co. - Class B,NYSE,1990-01-24,2026-08-04
CG,AVAILABLE,Carlyle Group Inc (The),NASDAQ,2012-05-03,2026-08-04
SLG,AVAILABLE,SL Green Realty Corp,NYSE,1997-08-15,2026-08-04
ABC,AVAILABLE,ADBRI LTD,ASX,,
CMA,AVAILABLE,Comerica Inc,NYSE,1990-03-26,2026-01-30
GT,AVAILABLE,Goodyear Tire & Rubber Company,NASDAQ,1970-01-02,2026-08-04
NCE,AVAILABLE,NEW CENTURY ENERGIES INC,,,
SPLS,AVAILABLE,PIMCO US Stocks PLUS Active Bond Exchange Traded Fund,BATS,2026-01-16,2026-08-04
MYL,AVAILABLE,Mylan N.V.,NASDAQ,1987-12-18,2020-11-19
CMCSK,AVAILABLE,Comcast Corp,NASDAQ,1990-03-26,2015-12-21
GTE,AVAILABLE,Gran Tierra Energy Inc,AMEX,2005-12-21,2026-08-04
ABI,AVAILABLE,VICTORYSHARES PIONEER ASSET-BASED INCOME ETF ,NASDAQ,2009-05-11,2026-08-04
BCR,AVAILABLE,C.R. Bard Inc,NYSE,1983-04-06,2017-12-29
SRCL,AVAILABLE,Stericycle Inc,NASDAQ,1996-08-23,2024-11-04
NCR,AVAILABLE,NUCOAL RESOURCES LTD,ASX,,
CMVT,AVAILABLE,Comverse Technology Inc,NASDAQ,2013-02-04,2013-02-21
BDK,AVAILABLE,BLACK & DECKER CORP,OTCMKTS,,
ABKFQ,AVAILABLE,"Ambac Financial Group, Inc",OTCBB,2010-11-09,2013-10-17
GTW,AVAILABLE,GATEWAY INC,,,
NFB,AVAILABLE,NORTH FORK BANCORPORATION INC,,,
SSP,AVAILABLE,E.W. Scripps Co. - Class A,NASDAQ,1990-03-26,2026-08-04
BFO,AVAILABLE,BlackRock Florida Municipal 2020 Term Tr,NYSE,2003-09-29,2020-12-15
AYI,AVAILABLE,Acuity Brands Inc,NYSE,2001-12-03,2026-08-04
NFX,AVAILABLE,Corgi NFLX 2x Daily ETF,BATS,2026-07-07,2026-08-04
CMX,AVAILABLE,CHEMX MATERIALS LIMITED,ASX,,
ABS,AVAILABLE,ALBERTSONS INC,NYSE,,
BGEN,AVAILABLE,BIOGEN INC,,,
H,AVAILABLE,Hyatt Hotels Corporation - Class A,NYSE,2009-11-05,2026-08-04
CIT-A,AVAILABLE,Cit Group Inc,NYSE,,
STJ,AVAILABLE,St Jude Medical Inc,NYSE,1989-12-07,2017-01-18
NBR,AVAILABLE,Nabors Industries Ltd,NYSE,1991-02-28,2026-08-04
AAMRQ,AVAILABLE,Amr Corp,NYSE,2001-01-02,2013-12-17
BGG,AVAILABLE,Briggs Stratton Corp,NYSE,1984-09-07,2020-07-20
ABX,AVAILABLE,Abacus Global Management Inc - Class A,NYSE,2020-09-14,2026-08-04
GR,AVAILABLE,GOODRICH CORP,NYSE,,
HBI,AVAILABLE,Hanesbrands Inc,NYSE,2006-09-06,2026-08-04
CNX,AVAILABLE,CNX Resources Corp,NYSE,1999-04-30,2026-08-04
SUB,AVAILABLE,ISHARES SHORT-TERM NATIONAL MUNI BOND ETF ,NYSE,2008-11-07,2026-08-04
NKTR,AVAILABLE,Nektar Therapeutics,NASDAQ,1994-05-03,2026-08-04
ACAS,AVAILABLE,American Capital Ltd,NASDAQ,1997-09-02,2017-01-11
SOTR,AVAILABLE,SOUTHTRUST CORP,,,
BHF,AVAILABLE,Brighthouse Financial Inc,NASDAQ,2017-07-17,2026-08-04
NLOK,NOT_FOUND,,,,
CNXT,AVAILABLE,VANECK CHINEXT INNOVATORS ETF ,NYSE,2014-07-24,2026-08-04
HCBK,AVAILABLE,Hudson City Bancorp Inc,NASDAQ,1999-07-13,2015-10-30
SVU,AVAILABLE,SUPERVALU INC.,NYSE,1985-07-01,2018-12-14
NLSN,AVAILABLE,Nielsen Holdings plc,NYSE,2011-01-27,2022-10-11
ACKH,AVAILABLE,ARMSTRONG HOLDINGS INC,,,
SWN,AVAILABLE,Southwestern Energy Company,NYSE,1987-12-30,2024-10-01
COC-B,AVAILABLE,Conocophillips Holding Company,NYSE,,
HCR,AVAILABLE,MANOR CARE INC,NYSE,2019-06-03,2020-07-13
BC,AVAILABLE,Brunswick Corp,NYSE,1981-12-31,2026-08-04
ACS,AVAILABLE,AFFILIATED COMPUTER SERVICES INC,NYSE,2010-02-05,2011-02-14
COG,AVAILABLE,COG FINANCIAL SERVICES LTD,ASX,,
NLV,NOT_FOUND,,,,
HES,AVAILABLE,Hess Corporation,NYSE,1983-04-06,2025-07-18
BIG,AVAILABLE,,NYSE,,
SWY,AVAILABLE,Safeway Inc,NYSE,1990-04-26,2015-02-09
ACV,AVAILABLE,Virtus Diversified Income & Convertible Fund,NYSE,2015-05-22,2026-08-04
BIO,AVAILABLE,Bio-Rad Laboratories Inc - Class A,NYSE,1980-02-27,2026-08-04
HET,AVAILABLE,,NASDAQ,,
SXCL,AVAILABLE,Steel Excel Inc,NASDAQ,2006-12-28,2017-02-23
ABMD,AVAILABLE,Abiomed Inc,NASDAQ,1987-07-30,2023-01-03
BJS,AVAILABLE,BJ SERVICES CO,NYSE,2006-12-28,2011-05-09
COMS,AVAILABLE,COMSovereign Holding Corp,PINK,2020-01-13,2026-08-04
GX,AVAILABLE,GLOBAL CROSSING CAYMAN LTD,,,
NOV,AVAILABLE,NOV Inc,NYSE,1996-10-29,2026-08-04
STI,AVAILABLE,Solidion Technology Inc,NASDAQ,2024-02-02,2026-08-04
ADS,AVAILABLE,GRANITESHARES 2X SHORT ADBE DAILY ETF ,ASX,,
BLL,AVAILABLE,,NYSE,,
COTY,AVAILABLE,Coty Inc - Class A,NYSE,2013-06-13,2026-08-04
HI,AVAILABLE,Hillenbrand Inc,NYSE,2008-03-28,2026-02-10
NOVL,AVAILABLE,NOVELL INC,NASDAQ,,
CNG,AVAILABLE,CONSOLIDATED NATURAL GAS CO,,,
TDC,AVAILABLE,Teradata Corp,NYSE,2007-10-01,2026-08-04
AET,AVAILABLE,Aetna Inc,NYSE,1977-01-03,2018-11-28
NGH,AVAILABLE,NABISCO GROUP HOLDINGS CORP,NYSE,,
COV,AVAILABLE,Covidien plc,NYSE,2007-06-14,2015-02-03
NRTLQ,AVAILABLE,Nortel Networks Corporation USA,NYSE,2010-01-04,2015-10-13
HM,AVAILABLE,HOMESTAKE MINING CO,,,
TE,AVAILABLE,T1 Energy Inc,NYSE,2021-07-08,2026-08-04
AFS-A,AVAILABLE,Associates First Capital Corp,NYSE,,
BMET,AVAILABLE,BIOMET INC,,,
HMA,AVAILABLE,Heartland Media Acquisition Corp - Class A,NYSE,2022-03-14,2023-07-25
TEK,AVAILABLE,iShares Technology Opportunities Active ETF,NYSE,2024-10-22,2026-08-04
NSI,AVAILABLE,NATIONAL SECURITY EMERGING MARKETS INDEX ETF ,NASDAQ,2023-12-07,2026-08-04
CPGX,AVAILABLE,Columbia Pipeline Group Inc,NYSE,2015-07-01,2016-07-01
CPNLQ,AVAILABLE,CALPINE CORP,,,
NWL,AVAILABLE,Newell Brands Inc,NASDAQ,1984-07-19,2026-08-04
HNZ,AVAILABLE,H.J. Heinz Company,NYSE,2001-01-02,2013-10-17
TEX,AVAILABLE,Terex Corp,NYSE,1990-03-26,2026-08-04
VSTNQ,AVAILABLE,VISTEON CORP,,,
CPQ,AVAILABLE,COMPAQ COMPUTER CORP,NYSE,,
NXTL,AVAILABLE,NEXTEL COMMUNICATIONS INC,,,
VTSS,AVAILABLE,Vitesse Semiconductor Corp,NASDAQ,1991-12-11,2015-05-06
HP,AVAILABLE,Helmerich & Payne Inc,NYSE,1980-10-15,2026-08-04
TGNA,AVAILABLE,TEGNA Inc,NYSE,1985-07-01,2026-03-20
WAMUQ,AVAILABLE,WMI HOLDINGS CORP,OTCMKTS,,
CR,AVAILABLE,Crane Company,NYSE,2023-03-29,2026-08-04
HPC,AVAILABLE,HERCULES INC,NYSE,2006-12-28,2008-11-24
BHMSQ,AVAILABLE,Bethlehem Steel Corp,NYSE,,
THC,AVAILABLE,Tenet Healthcare Corp,NYSE,1982-01-04,2026-08-04
NYX,AVAILABLE,NYSE Euronext,NYSE,2007-06-04,2013-11-12
NMK,NOT_FOUND,,,,
COL,AVAILABLE,Rockwell Collins Inc,NYSE,2001-06-15,2018-11-26
WB,AVAILABLE,Weibo Corp,NASDAQ,2014-04-17,2026-08-04
CSR,AVAILABLE,Centerspace,NYSE,1997-10-17,2026-08-04
ADCT,AVAILABLE,Adc Therapeutics SA,NYSE,2020-05-15,2026-08-04
OAT,NOT_FOUND,,,,
HFC,NOT_FOUND,,,,
HRB,AVAILABLE,H&R Block Inc,NYSE,1986-11-12,2026-08-04
SYMC,NOT_FOUND,,,,
TIE,AVAILABLE,Titanium Metals Corp,NYSE,2006-12-28,2013-01-07
WCG,AVAILABLE,WellCare Health Plans Inc,NYSE,2004-07-01,2020-01-23
CSRA,AVAILABLE,CSRA Inc,NYSE,2015-11-30,2018-04-04
HRS,NOT_FOUND,,,,
ODP,AVAILABLE,ODP Corporation (The),NASDAQ,1990-03-26,2026-08-04
TIF,AVAILABLE,Tiffany & Company,NYSE,1987-12-30,2021-01-08
OGN,AVAILABLE,Organon & Company,NYSE,2021-05-14,2026-08-04
TIN,AVAILABLE,TempleInland Inc,NYSE,2017-01-25,2017-02-03
CTB,AVAILABLE,Cooper Tire & Rubber Company,NYSE NAT,1987-11-05,2021-06-08
HSP,AVAILABLE,Hospira Inc,NYSE,2004-05-03,2015-09-02
WEN,AVAILABLE,Wendy`s Co - Class A,NASDAQ,1992-03-17,2026-08-04
IAC,AVAILABLE,,BITZYV3,,
BLS,AVAILABLE,BELLSOUTH CORP,OTCMKTS,,
TKR,AVAILABLE,Timken Company,NYSE,1985-07-01,2026-08-04
WFM,AVAILABLE,Whole Foods Market Inc,NASDAQ,1992-01-23,2017-08-29
CTLT,AVAILABLE,Catalent Inc,NYSE,2014-07-31,2024-12-18
WFT,NOT_FOUND,,,,
OK,AVAILABLE,OLD KENT FINANCIAL CORP,,,
CTX,AVAILABLE,Qwest Corporation 7.00 Notes Due 2052,NYSE,2012-04-03,2018-08-20
IKN,AVAILABLE,IKON OFFICE SOLUTIONS INC,NYSE,2006-12-28,2008-11-21
OMX,AVAILABLE,OFFICEMAX INC,NYSE,2006-12-28,2013-11-05
WHR,AVAILABLE,Whirlpool Corp,NYSE,1983-06-10,2026-08-04
TMC,AVAILABLE,TMC the metals company Inc,NASDAQ,2021-09-10,2026-08-04
CTXS,AVAILABLE,Citrix Systems Inc,NASDAQ,1995-12-08,2022-11-02
HOG,AVAILABLE,Harley-Davidson Inc,NYSE,1987-11-05,2026-08-04
ILMN,AVAILABLE,Illumina Inc,NASDAQ,2000-07-28,2026-08-04
ONE,AVAILABLE,HIGHER ONE HOLDINGS INC.,NYSE,2010-06-16,2016-08-04
TFX,AVAILABLE,Teleflex Incorporated,NYSE,1988-02-18,2026-08-04
TMC-A,AVAILABLE,Times Mirror Co,NYSE,,
CPRI,AVAILABLE,Capri Holdings Ltd,NYSE,2011-12-15,2026-08-04
CVC,AVAILABLE,Cablevision Systems Corp,NYSE,2016-01-04,2016-06-21
IMNX,AVAILABLE,IMMUNEX CORP,,,
NYT,AVAILABLE,New York Times Co. - Class A,NYSE,1973-05-03,2026-08-04
OWENQ,AVAILABLE,OWENS CORNING,OTCBB,,
TMK,AVAILABLE,TAMASKA OIL AND GAS LTD,ASX,,
WLA,AVAILABLE,WARNER LAMBERT CO,,,
INCLF,AVAILABLE,INCO LTD,,,
CVG,AVAILABLE,Convergys Corp,NYSE,1998-08-13,2018-12-14
PALM,AVAILABLE,PALM INC,NASDAQ,2007-10-25,2010-07-19
TNB,AVAILABLE,THOMAS & BETTS CORP,NYSE,,
WLL,AVAILABLE,Whiting Petroleum Corp (New),NYSE,2020-09-02,2022-07-01
CXO,AVAILABLE,Concho Resources Inc,NYSE,2007-08-03,2021-01-15
PARA,AVAILABLE,Paramount Global - Class B,NASDAQ,2006-01-03,2025-08-07
WLP,AVAILABLE,"WellPoint, Inc",NYSE,2014-09-22,2014-12-02
IPGP,AVAILABLE,IPG Photonics Corp,NASDAQ,2006-12-13,2026-08-04
WLTW,AVAILABLE,,NASDAQ,,
TOY,AVAILABLE,TOYS R US INC,,,
DCNAQ,AVAILABLE,DANA CORP,NYSE,,
ITT,AVAILABLE,ITT Inc,NYSE,1995-12-18,2026-08-04
PBG,AVAILABLE,PEPSI BOTTLING GROUP INC,NYSE,2001-01-02,2011-03-07
WNDXQ,AVAILABLE,WINN DIXIE STORES INC,,,
TRB,AVAILABLE,TRIBUNE CO,OTCMKTS,,
WCOEQ,AVAILABLE,Worldcom Inc,NASDAQ,,
JCP,NOT_FOUND,,,,
DDR,AVAILABLE,DDR Corp,NYSE,1993-02-02,2018-10-11
PBI,AVAILABLE,Pitney Bowes Inc,NYSE,1972-06-01,2026-08-04
TRIP,AVAILABLE,TripAdvisor Inc,NASDAQ,2011-12-07,2026-08-04
OI,AVAILABLE,O-I Glass Inc,NYSE,1991-12-11,2026-08-04
CTL,AVAILABLE,Qwest Corporation,NYSE,,
WOR,AVAILABLE,Worthington Enterprises Inc,NYSE,1990-03-26,2026-08-04
JEC,NOT_FOUND,,,,
DDS,AVAILABLE,Dillard`s Inc - Class A,NYSE,1989-06-30,2026-08-04
PBY,AVAILABLE,Prospect Capital Corp,NYSE,2018-06-18,2021-06-14
TRW,AVAILABLE,TRW Automotive Holdings Corp,NYSE,2004-02-03,2015-05-26
DF,AVAILABLE,Dividend 15 Split Corp II - Class A,TSX,2026-06-04,2026-06-10
IGT,AVAILABLE,,NYSE,,
JEF,AVAILABLE,Jefferies Financial Group Inc,NYSE,1987-11-05,2026-08-04
TLAB,AVAILABLE,Tellabs Inc,NASDAQ,,
PCH,AVAILABLE,PotlatchDeltic Corp,NASDAQ,1985-11-11,2026-02-02
TSG,AVAILABLE,SABRE HOLDINGS CORP,NASDAQ,2010-10-15,2020-05-05
WRK,AVAILABLE,WRKR LTD,ASX,2024-07-05,2024-07-05
JHF,AVAILABLE,HANCOCK JOHN FINANCIAL SERVICES INC,NYSE,,
WU,AVAILABLE,Western Union Company,NYSE,2006-10-02,2026-08-04
TSS,AVAILABLE,GRANITESHARES 1X SHORT TSLA DAILY ETF ,NYSE,1989-06-30,2019-09-17
DISCA,AVAILABLE,,NASDAQ,2022-04-06,2022-09-16
PD,AVAILABLE,Pagerduty Inc,NYSE,2019-04-11,2026-08-04
WWY,AVAILABLE,WRIGLEY WM JR CO,,,
DISCK,AVAILABLE,Warner Bros. Discovery Inc - Series C,NASDAQ,2008-09-18,2022-09-16
WIN,AVAILABLE,Garden Stage Ltd,NASDAQ,2023-12-01,2026-08-04
JNS,AVAILABLE,Janus Capital Group Inc,NYSE,2000-06-26,2017-05-30
PDCO,AVAILABLE,Patterson Companies Inc,NASDAQ,1992-10-28,2025-04-17
TWC,AVAILABLE,Time Warner Cable Inc,NYSE,2007-03-01,2016-05-26
INFO,AVAILABLE,HARBOR PANAGORA DYNAMIC LARGE CAP CORE ETF ,NYSE,2024-10-10,2026-08-04
TOS,AVAILABLE,Twin Oak Strategic Solutions ETF,BATS,2026-01-28,2026-08-04
WYE,AVAILABLE,WYETH,OTCMKTS,,
DALRQ,AVAILABLE,DELTA AIR LINES INC,,,
DISH,AVAILABLE,Dish Network Corp - Class A,NASDAQ,1995-06-21,2024-01-09
JNY,AVAILABLE,The Jones Group Inc,NYSE,1991-05-16,2014-04-09
PDG,AVAILABLE,PLACER DOME INC Foreign,,,
TWTR,AVAILABLE,Twitter Inc,NYSE,2013-11-07,2022-10-28
JOS,AVAILABLE,JOSTENS INC,,,
XEC,AVAILABLE,Cimarex Energy Company,NYSE,2002-09-25,2021-10-04
TWX,AVAILABLE,Time Warner Inc,NYSE,1992-03-19,2018-06-15
DJ,AVAILABLE,DOW JONES & CO INC,,,
PEAK,AVAILABLE,PEAK INTERNATIONAL LTD,NASDAQ,2023-02-10,2023-02-13
PBCT,AVAILABLE,People`s United Financial Inc,NASDAQ,1990-03-26,2022-04-04
DLX,AVAILABLE,Deluxe Corp,NYSE,1987-07-23,2026-08-04
TX,AVAILABLE,Ternium S.A.,NYSE,2006-02-01,2026-08-04
JOY,AVAILABLE,Joy Global Inc,NYSE,2001-05-25,2017-04-13
PENN,AVAILABLE,PENN Entertainment Inc,NASDAQ,1994-05-26,2026-08-04
XLNX,AVAILABLE,Xilinx Inc,NASDAQ,1990-06-18,2022-02-14
DNR,AVAILABLE,Denbury Resources Inc,NYSE,1995-09-06,2020-07-30
PETM,AVAILABLE,PetSmart Inc,NASDAQ,1993-07-23,2015-03-11
XRAY,AVAILABLE,DENTSPLY Sirona Inc,NASDAQ,1991-04-25,2026-08-04
JWN,AVAILABLE,Nordstrom Inc,NYSE,1986-07-09,2025-05-20
UA,AVAILABLE,Under Armour Inc - Class C,NYSE,2016-04-07,2026-08-04
XRX,AVAILABLE,Xerox Holdings Corp,NASDAQ,1977-01-03,2026-08-04
DRE,AVAILABLE,Duke Realty Corp,NYSE,1987-11-05,2022-10-03
KATE,AVAILABLE,Kate Spade & Company,NYSE,1981-06-09,2017-07-12
PHA,AVAILABLE,PHARMACIA CORP,,,
UAA,AVAILABLE,Under Armour Inc - Class A,NYSE,2005-11-18,2026-08-04
WPX,AVAILABLE,WPX Energy Inc,NYSE,2011-12-12,2021-01-14
DWDP,NOT_FOUND,,,,
XTO,AVAILABLE,XTO ENERGY INC,OTCMKTS,2001-01-02,2013-02-07
KBH,AVAILABLE,KB Home,NYSE,1987-11-05,2026-08-04
PCS,AVAILABLE,PGIM CORPORATE BOND 0-5 YEAR ETF ,BATS,2007-04-19,2026-08-04
DFS,AVAILABLE,Discover Financial Services,NYSE,2007-06-14,2025-05-16
UAWGQ,AVAILABLE,Us Airways Group Inc,NYSE,,
PKI,AVAILABLE,,NYSE,,
YNR,AVAILABLE,YOUNG & RUBICAM INC.,,,
PMCS,AVAILABLE,PMCSierra Inc,NASDAQ,2016-01-04,2016-01-25
UCL,AVAILABLE,Ucloudlink Group Inc,NASDAQ,2020-06-10,2026-08-04
KM,AVAILABLE,KMART CORP,,,
DXC,AVAILABLE,DXC Technology Company,NYSE,2017-02-01,2026-08-04
TUP,NOT_FOUND,,,,
JNPR,AVAILABLE,Juniper Networks Inc,NYSE,1999-06-25,2025-07-02
DYN,AVAILABLE,Dyne Therapeutics Inc,NASDAQ,2020-09-17,2026-08-04
KORS,NOT_FOUND,,,,
KMG,AVAILABLE,KMG Chemicals Inc,NYSE,1997-01-28,2018-12-14
PNU,AVAILABLE,PHARMACIA & UPJOHN INC,,,
UCM,AVAILABLE,UNICOM CORP,NYSE,,
UIS,AVAILABLE,Unisys Corp,NYSE,1972-06-01,2026-08-04
EDS,AVAILABLE,Exceed Company Ltd,NASDAQ,2007-12-03,2015-04-29
PRGO,AVAILABLE,Perrigo Company plc,NYSE,1991-12-17,2026-08-04
EFU,AVAILABLE,ProShares UltraShort MSCI EAFE -2x Shares,NYSE,2007-10-25,2026-08-04
KRFT,AVAILABLE,Kraft Foods Group Inc,NASDAQ,2012-09-17,2015-07-10
PSFT,AVAILABLE,Powersafe Technology Corp,EXPM,2008-04-10,2024-10-29
UMG,AVAILABLE,UNITED MALT GROUP LTD,ASX,,
X,AVAILABLE,United States Steel Corp,NYSE,1991-04-12,2025-06-18
EHC,AVAILABLE,Encompass Health Corp,NYSE,2017-12-29,2026-08-04
PVH,AVAILABLE,PVH Corp,NYSE,1987-07-10,2026-08-04
UN,AVAILABLE,Corgi UNH 2x Daily ETF,BATS,2026-07-07,2026-08-04
JP,NOT_FOUND,,,,
KRI,AVAILABLE,KNIGHT RIDDER INC,NYSE,,
TXU,AVAILABLE,TXU CORP,,,
EKDKQ,AVAILABLE,Eastman Kodak Company,OTCBB,,
DPHIQ,AVAILABLE,DELPHI CORP,,,
KSE,AVAILABLE,KEYSPAN CORP,,,
PVN,AVAILABLE,,NYSE,,
UNM,AVAILABLE,Unum Group,NYSE,1986-11-06,2026-08-04
ENDP,NOT_FOUND,,,,
PWER,AVAILABLE,MACQUARIE ENERGY TRANSITION ETF ,NYSE,2023-11-29,2026-08-04
KSS,AVAILABLE,Kohl`s Corp,NYSE,1992-05-19,2026-08-04
ENRNQ,AVAILABLE,ENRON CORP,,,
UPC,AVAILABLE,Universe Pharmaceuticals Inc,NASDAQ,2021-03-23,2026-08-04
PGL,AVAILABLE,PEOPLES ENERGY CORP,,,
PWJ,AVAILABLE,PAINE WEBBER GROUP INC,,,
LB,AVAILABLE,Landbridge Company LLC. - Class A,NYSE,2024-06-28,2026-08-04
UST,AVAILABLE,PROSHARES ULTRA 7-10 YEAR TREASURY ,NYSE,2010-02-02,2026-08-04
LDG,AVAILABLE,LONGS DRUG STORES CORP,NYSE,,
EP,AVAILABLE,Empire Petroleum Corporation,AMEX,2011-02-23,2026-08-04
QEP,AVAILABLE,QEP Resources Inc,NYSE,2010-06-16,2021-03-18
USW,AVAILABLE,MEDIAONE GROUP INC,,,
QLGC,AVAILABLE,QLogic Corp,NASDAQ,2016-01-04,2016-08-24
EQ,AVAILABLE,Equillium Inc,NASDAQ,2018-10-12,2026-08-04
LEG,AVAILABLE,Leggett & Platt Inc,NYSE,1987-11-05,2026-08-04
UTX,NOT_FOUND,,,,
LEHMQ,AVAILABLE,Lehman Brothers Holdings Inc,NYSE,,
ESRX,AVAILABLE,Express Scripts Holding Company,NASDAQ,1992-06-09,2018-12-20
QRVO,AVAILABLE,Qorvo Inc,NASDAQ,2015-01-02,2026-08-04
ESV,NOT_FOUND,,,,
UVN,AVAILABLE,UNIVISION COMMUNICATIONS INC,NASDAQ,,
ZION,AVAILABLE,Zions Bancorporation N.A,NASDAQ,1990-03-26,2026-08-04
QTRN,AVAILABLE,QUINTILES TRANSNATIONAL CORP,,,
LLTC,AVAILABLE,Linear Technology Corp,NASDAQ,2016-01-04,2017-03-20
VAR,AVAILABLE,Varian Medical Systems Inc,NYSE,1988-01-05,2021-04-16
EC,AVAILABLE,Ecopetrol SA,NYSE,2008-09-18,2026-08-04
PRD,AVAILABLE,POLAROID CORP,,,
LM,AVAILABLE,Legg Mason Inc,NYSE,1987-11-05,2020-07-31
KRB,AVAILABLE,MBNA CORP,,,
VFC,AVAILABLE,VF Corp,NYSE,1985-07-01,2026-08-04
ETS,AVAILABLE,Elite Express Holding Inc - Class A,NASDAQ,2025-08-21,2026-08-04
UK,AVAILABLE,Ucommune International Ltd - Class A,NASDAQ,2020-11-18,2026-08-04
ETSY,AVAILABLE,Etsy Inc,NYSE,2015-04-16,2026-08-04
LO,AVAILABLE,Lorillard Inc,NYSE,2002-02-01,2015-06-22
RAD,AVAILABLE,RADIOPHARM THERANOSTICS LIMITED,ASX,,
RAI,AVAILABLE,Reynolds American Inc,NYSE,1999-06-01,2017-08-17
VIAC,AVAILABLE,CBS Corp,NYSE,2005-12-05,2019-12-04
EVHC,AVAILABLE,Envision Healthcare Holdings Inc,NYSE,2013-08-14,2018-12-14
RAL,AVAILABLE,RALSTON PURINA CO,NYSE,2025-06-30,2026-08-04
LPX,AVAILABLE,Louisiana-Pacific Corp,NYSE,1982-01-04,2026-08-04
VIAV,AVAILABLE,Viavi Solutions Inc,NASDAQ,2015-08-04,2026-08-04
FB,AVAILABLE,PROSHARES S&P 500 DYNAMIC DAILY BUFFER ETF ,BATS,2025-06-26,2026-08-04
LSI,AVAILABLE,Life Storage Inc,NYSE,1995-06-21,2023-07-19
RATL,AVAILABLE,RATIONAL SOFTWARE CORP,,,
VNO,AVAILABLE,Vornado Realty Trust,NYSE,1988-01-05,2026-08-04
RBK,AVAILABLE,REEBOK INTERNATIONAL LTD,,,
FBF,AVAILABLE,FLEETBOSTON FINANCIAL CORP,,,
LU,AVAILABLE,Lufax Holding Ltd,NYSE,2020-10-30,2026-08-04
VNT,AVAILABLE,Vontier Corporation,NYSE,2020-09-25,2026-08-04
FBHS,AVAILABLE,,NYSE,,
RDC,AVAILABLE,Rowan Companies PLC,NYSE,1983-04-06,2019-04-11
KSU,AVAILABLE,Kansas City Southern,NYSE,1987-11-05,2021-12-13
UPR,AVAILABLE,UNION PACIFIC RESOURCES GROUP INC,NYSE,,
EOP,AVAILABLE,EQUITY OFFICE PROPERTIES TRUST,,,
PXD,AVAILABLE,Pioneer Natural Resources Company,NYSE,1997-08-08,2024-05-03
LVLT,AVAILABLE,Level 3 Communications Inc,NYSE,1998-03-31,2017-11-01
VRTS,AVAILABLE,Virtus Investment Partners Inc,NYSE,2009-01-02,2026-08-04
ETFC,AVAILABLE,E TRADE Financial Corp,NASDAQ,1996-08-16,2020-10-02
R,AVAILABLE,Ryder System Inc,NYSE,1980-01-02,2026-08-04
VIAB,AVAILABLE,Viacom Inc,NASDAQ,2005-12-05,2019-12-04
LNC,AVAILABLE,Lincoln National Corp,NYSE,1984-10-05,2026-08-04
LUMN,AVAILABLE,Lumen Technologies Inc,NYSE,1987-11-05,2026-08-04
VO,AVAILABLE,VANGUARD MID-CAP INDEX FUND ETF SHARES,NYSE,2004-01-30,2026-08-04
FCPT,AVAILABLE,Four Corners Property Trust Inc,NYSE,2015-11-10,2026-08-04
RDS-A,AVAILABLE,Shell Plc ADR (Representing - Class A),NYSE,2005-07-21,2022-01-31
CAG,AVAILABLE,Conagra Brands Inc,NYSE,1984-09-07,2026-08-05
CPB,AVAILABLE,Campbell Soup Company,NASDAQ,1985-07-01,2026-08-05
CTRA,AVAILABLE,Coterra Energy Inc,NYSE,1990-02-08,2026-05-06
CZR,AVAILABLE,Caesars Entertainment Inc,NASDAQ,2014-09-22,2026-08-05
DAY,AVAILABLE,Dayforce Inc,NYSE,2018-04-26,2026-02-03
EA,AVAILABLE,Electronic Arts Inc,NASDAQ,1990-03-26,2026-08-04
EMN,AVAILABLE,Eastman Chemical Company,NYSE,1993-12-14,2026-08-05
ENPH,AVAILABLE,Enphase Energy Inc,NASDAQ,2012-03-30,2026-08-05
EPAM,AVAILABLE,EPAM Systems Inc,NYSE,2012-02-08,2026-08-05
GME,AVAILABLE,Gamestop Corporation - Class A,NYSE,2002-02-13,2026-08-05
HOLX,AVAILABLE,Hologic Inc,NASDAQ,1990-03-26,2026-04-07
IPG,AVAILABLE,Interpublic Group Of Cos. Inc,NYSE,1987-11-05,2025-11-26
K,AVAILABLE,Kellanova,NYSE,1984-12-17,2025-12-11
KMX,AVAILABLE,Carmax Inc,NYSE,1997-02-04,2026-08-05
LDW-B,NOT_FOUND,,,,
LKQ,AVAILABLE,LKQ Corp,NASDAQ,2003-10-03,2026-08-05
LW,AVAILABLE,Lamb Weston Holdings Inc,NYSE,2016-11-10,2026-08-05
MHK,AVAILABLE,Mohawk Industries Inc,NYSE,1992-04-01,2026-08-05
MKTX,AVAILABLE,MarketAxess Holdings Inc,NASDAQ,2004-11-05,2026-08-05
MOH,AVAILABLE,Molina Healthcare Inc,NYSE,2003-07-02,2026-08-05
MTCH,AVAILABLE,Match Group Inc - New,NASDAQ,2015-11-19,2026-08-05
PAYC,AVAILABLE,Paycom Software Inc,NYSE,2014-04-15,2026-08-05
POOL,AVAILABLE,Pool Corporation,NASDAQ,1995-10-13,2026-08-05
RNB,AVAILABLE,REPUBLIC NEW YORK CORP,,,
SOLS,AVAILABLE,Solstice Advanced Materials Inc,NASDAQ,2025-10-29,2026-08-05
WBA,AVAILABLE,Walgreens Boots Alliance Inc,NASDAQ,1985-07-01,2025-08-28
AA,AVAILABLE,Alcoa Corp,NYSE,2016-10-18,2026-08-06
ABK,AVAILABLE,AMBAC FINANCIAL GROUP INC,,,
ACE,AVAILABLE,ACUSENSUS LIMITED,ASX,,
ADT,AVAILABLE,ADT Inc,NYSE,2018-01-19,2026-08-06
AGN,AVAILABLE,Allergan Inc,NYSE,1989-06-22,2020-05-08
AKS,AVAILABLE,AK Steel Holding Corp,NYSE,1994-03-30,2020-03-13
ALTR,AVAILABLE,Altair Engineering Inc - Class A,NASDAQ,2017-11-01,2025-03-26
ANR,AVAILABLE,"Alpha Natural Resources, Inc",NYSE,2005-02-15,2015-07-16
ARNC,AVAILABLE,Arconic Corporation,NYSE,2020-04-01,2023-08-17
BEAM,AVAILABLE,Beam Therapeutics Inc,NASDAQ,2020-02-06,2026-08-06
BHI,AVAILABLE,Baker Hughes Inc,NYSE,1987-04-06,2017-07-05
BMC,AVAILABLE,BMC Software Inc,NASDAQ,,
BS,AVAILABLE,BETHLEHEM STEEL CORP,NYSE,,
BTU,AVAILABLE,Peabody Energy Corp New,NYSE,2017-04-03,2026-08-06
CCE,AVAILABLE,CARNEGIE CLEAN ENERGY LTD,ASX,,
CHK,AVAILABLE,Chesapeake Energy Corp,NASDAQ,1993-02-16,2024-10-04
CPWR,AVAILABLE,Ocean Thermal Energy Corp,PINK,1992-12-16,2026-08-06
CSC,AVAILABLE,Computer Sciences Corp,NYSE,2001-01-02,2017-04-10
CVH,AVAILABLE,Coventry Health Care Inc,NYSE,2006-12-28,2013-10-17
DNB,AVAILABLE,Dun & Bradstreet Holdings Inc,NYSE,2020-07-01,2025-08-25
DO,AVAILABLE,Diamond Offshore Drilling Inc,NYSE,2022-03-30,2024-09-04
DPS,AVAILABLE,Dr Pepper Snapple Group Inc,NYSE,2008-05-07,2018-07-09
DTV,AVAILABLE,DTE Energy Company 2016 Corporate Units,NYSE,2016-09-30,2019-09-30
DV,AVAILABLE,DoubleVerify Holdings Inc,NYSE,2021-04-21,2026-08-07
EK,NOT_FOUND,,,,
EMC,AVAILABLE,GLOBAL X EMERGING MARKETS GREAT CONSUMER ETF ,NYSE,2023-05-15,2026-08-07
FNM,NOT_FOUND,,,,
FOSL,AVAILABLE,Fossil Group Inc,NASDAQ,1993-04-08,2026-08-07
FRE,AVAILABLE,Firebrick Pharma Limited,ASX,,
GAS,AVAILABLE,AGL Resources Inc,NYSE,1973-05-03,2016-07-01
GRN,AVAILABLE,iPath Series B Carbon ETN,NYSE,2019-09-10,2026-08-07
HAR,AVAILABLE,Harman International Industries IncDE,NYSE,2016-01-04,2017-03-10
HNG,AVAILABLE,HGL LTD,ASX,,
HOT,AVAILABLE,DEFIANCE HOT SAUCE DAILY 2X STRATEGY ETF ,NYSE,2016-01-04,2016-10-03
HPH,AVAILABLE,HARNISCHFEGER INDUSTRIES INC,NYSE,,
JDSU,AVAILABLE,JDS Uniphase Corp,NASDAQ,1993-11-17,2015-08-03
KFT,AVAILABLE,Kraft Foods Inc,,,
KG,AVAILABLE,KING PHARMACEUTICALS INC,NASDAQ,2011-02-28,2026-08-06
LDW,NOT_FOUND,,,,
LEH,AVAILABLE,LEHMAN BROTHERS HOLDINGS INC,,,
LIFE,AVAILABLE,Ethos Technologies Inc - Class A,NASDAQ,2026-01-29,2026-08-07
LLL,AVAILABLE,GRANITESHARES 2X LONG LLY DAILY ETF ,NYSE,1998-05-19,2019-06-28
MBC,AVAILABLE,MasterBrand Inc,NYSE,2022-12-09,2026-08-06
MFE,AVAILABLE,McAfee Inc,NYSE,2006-12-28,2011-03-01
MI,AVAILABLE,NFT Ltd -Class A,AMEX,2023-09-18,2026-08-07
MIL,AVAILABLE,MFC Industrial Ltd,NYSE,1996-05-08,2016-02-12
MNK,NOT_FOUND,,,,
MON,AVAILABLE,Monument Circle Acquisition Corp - Class A,NASDAQ,2021-03-16,2022-12-23
NE,AVAILABLE,Noble Corp Plc - Class A,NYSE,2021-06-09,2026-08-07
NSM,AVAILABLE,Nationstar Mortgage Holdings Inc,NYSE,2012-03-08,2018-07-31
NVLS,AVAILABLE,DEFIANCE NVDA LIGHTNINGSPREAD(TM) INCOME ETF ,NASDAQ,2006-12-28,2017-07-24
PCL,AVAILABLE,PGIM CORPORATE BOND 10+ YEAR ETF ,BATS,1989-06-02,2026-08-07
PCP,AVAILABLE,Precision Castparts Corp,NYSE,2016-01-04,2016-02-08
PGN,AVAILABLE,Paragon Offshore plc,OTCMKTS,2014-07-21,2015-12-17
PLL,AVAILABLE,Piedmont Lithium Inc,NASDAQ,2018-01-02,2025-08-29
POM,AVAILABLE,Pomdoctor Ltd,NASDAQ,2025-10-08,2026-08-06
PTV,AVAILABLE,PACTIV CORP,OTCMKTS,,
RIG,AVAILABLE,Transocean Ltd,NYSE,1993-05-28,2026-08-06
RSH,AVAILABLE,RadioShack Corp,NYSE,1982-01-04,2015-02-02
S,AVAILABLE,SentinelOne Inc - Class A,NYSE,2021-06-30,2026-08-07
SAI,AVAILABLE,SUNAMERICA INC,,,
SE,AVAILABLE,Sea Ltd,NYSE,2017-10-20,2026-08-07
SHLD,AVAILABLE,GLOBAL X DEFENSE TECH ETF ,NYSE,2023-09-13,2026-08-07
SIG,AVAILABLE,Signet Jewelers Ltd,NYSE,1994-10-31,2026-08-07
SII,AVAILABLE,Sprott Inc,NYSE,2020-06-29,2026-08-07
SLE,AVAILABLE,Super League Enterprise Inc,NASDAQ,2019-02-26,2026-08-07
STR,AVAILABLE,Sitio Royalties Corp - Class A,NYSE,2017-09-08,2025-08-18
SUN,AVAILABLE,Sunoco LP,NYSE,2012-09-20,2026-08-07
TEG,AVAILABLE,Integrys Energy Group Inc,NYSE,1988-01-05,2015-06-29
TYC,AVAILABLE,Tyco International Ltd,NYSE,,
URBN,AVAILABLE,Urban Outfitters Inc,NASDAQ,1993-11-09,2026-08-07
USL,AVAILABLE,United States 12 Month Oil Fund LP,NYSE,2007-12-06,2026-08-07
WFR,AVAILABLE,Sunedison Inc,NYSE,,
WYN,AVAILABLE,Wyndham Worldwide Corp,NYSE,2006-07-19,2018-05-31
XL,AVAILABLE,XL Group plc,NYSE,1991-07-19,2018-09-13
YHOO,AVAILABLE,Yahoo Inc,NASDAQ,1996-04-12,2017-06-26
