ticker,first_trading_day,last_trading_day,manifest_as_of
A,1999-11-18,2026-08-05,2026-08-05
AAL,2005-09-27,2026-08-05,2026-08-05
AAMRQ,2001-01-02,2013-12-17,2026-08-05
AAP,2001-11-29,2026-08-05,2026-08-05
AAPL,1980-12-12,2026-08-05,2026-08-05
ABBV,2013-01-02,2026-08-05,2026-08-05
ABI,2009-05-11,2026-08-05,2026-08-05
ABMD,1987-07-30,2023-01-03,2026-08-05
ABNB,2020-12-10,2026-08-05,2026-08-05
ABT,1983-04-06,2026-08-05,2026-08-05
ABX,2020-09-14,2026-08-05,2026-08-05
ACAS,1997-09-02,2017-01-11,2026-08-05
ACGL,1995-09-14,2026-08-05,2026-08-05
ACN,2001-07-19,2026-08-05,2026-08-05
ACS,2010-02-05,2011-02-14,2026-08-05
ACV,2015-05-22,2026-08-05,2026-08-05
ADBE,1986-08-14,2026-08-05,2026-08-05
ADCT,2020-05-15,2026-08-05,2026-08-05
ADI,1984-07-19,2026-08-05,2026-08-05
ADM,1983-04-05,2026-08-05,2026-08-05
ADP,1983-04-06,2026-08-05,2026-08-05
ADSK,1985-07-01,2026-08-05,2026-08-05
AEE,1998-01-02,2026-08-05,2026-08-05
AEP,1970-01-02,2026-08-05,2026-08-05
AES,1991-06-26,2026-08-05,2026-08-05
AET,1977-01-03,2018-11-28,2026-08-05
AFL,1984-07-19,2026-08-05,2026-08-05
AFRM,2021-01-13,2026-08-05,2026-08-05
AGC,2007-05-25,2018-08-24,2026-08-05
AGG,2003-09-26,2026-08-05,2026-08-05
AIG,1984-09-07,2026-08-05,2026-08-05
AIV,1994-07-22,2026-08-05,2026-08-05
AIZ,2004-02-05,2026-08-05,2026-08-05
AJG,1984-09-07,2026-08-05,2026-08-05
AKAM,1999-10-29,2026-08-05,2026-08-05
AL,2011-04-19,2026-08-05,2026-08-05
ALB,1994-02-22,2026-08-05,2026-08-05
ALGN,2001-01-30,2026-08-05,2026-08-05
ALK,1983-01-03,2026-08-05,2026-08-05
ALL,1993-06-03,2026-08-05,2026-08-05
ALLE,2013-11-18,2026-08-05,2026-08-05
ALXN,1996-02-28,2021-07-28,2026-08-05
AM,2014-11-05,2026-08-05,2026-08-05
AMAT,1984-09-07,2026-08-05,2026-08-05
AMC,2013-12-18,2026-08-05,2026-08-05
AMCC,2001-01-02,2017-02-03,2026-08-05
AMCR,2019-06-11,2026-08-05,2026-08-05
AMD,1983-03-21,2026-08-05,2026-08-05
AME,1984-07-19,2026-08-05,2026-08-05
AMG,1997-11-21,2026-08-05,2026-08-05
AMGN,1984-09-07,2026-08-05,2026-08-05
AMP,2005-09-15,2026-08-05,2026-08-05
AMT,1998-02-27,2026-08-05,2026-08-05
AMTM,2024-09-24,2026-08-05,2026-08-05
AMZN,1997-05-15,2026-08-05,2026-08-05
AN,1992-03-03,2026-08-05,2026-08-05
ANDV,1983-04-06,2018-09-28,2026-08-05
ANET,2014-06-06,2026-08-05,2026-08-05
ANF,1996-09-26,2026-08-05,2026-08-05
ANSS,1996-06-21,2026-08-05,2026-08-05
AON,1984-09-07,2026-08-05,2026-08-05
AOS,1984-09-07,2026-08-05,2026-08-05
APA,1979-05-15,2026-08-05,2026-08-05
APC,2026-02-12,2026-08-05,2026-08-05
APD,1983-04-06,2026-08-05,2026-08-05
APH,1991-11-08,2026-08-05,2026-08-05
APO,2011-03-30,2026-08-05,2026-08-05
APOL,2016-01-04,2017-02-09,2026-08-05
APP,2021-04-15,2026-08-05,2026-08-05
APTV,2011-11-17,2026-08-05,2026-08-05
ARC,2005-02-04,2024-11-22,2026-08-05
ARE,1997-05-28,2026-08-05,2026-08-05
ARES,2014-05-02,2026-08-05,2026-08-05
ARG,1986-12-22,2016-05-31,2026-08-05
ASH,1983-04-06,2026-08-05,2026-08-05
ASO,2020-10-02,2026-08-05,2026-08-05
AT,2009-12-03,2021-05-14,2026-08-05
ATI,1999-11-29,2026-08-05,2026-08-05
ATO,1983-12-28,2026-08-05,2026-08-05
ATVI,1993-10-25,2023-10-13,2026-08-05
AV,2026-05-06,2026-08-05,2026-08-05
AVB,1994-03-11,2026-08-05,2026-08-05
AVGO,2009-08-06,2026-08-05,2026-08-05
AVP,1972-06-01,2020-01-03,2026-08-05
AVY,1983-12-29,2026-08-05,2026-08-05
AWK,2008-04-23,2026-08-05,2026-08-05
AXON,2001-06-07,2026-08-05,2026-08-05
AXP,1972-06-01,2026-08-05,2026-08-05
AYE,2006-12-28,2011-11-30,2026-08-05
AYI,2001-12-03,2026-08-05,2026-08-05
AZO,1991-04-02,2026-08-05,2026-08-05
BA,1962-01-02,2026-08-05,2026-08-05
BABA,2014-09-19,2026-08-05,2026-08-05
BAC,1986-05-29,2026-08-05,2026-08-05
BALL,1984-09-07,2026-08-05,2026-08-05
BAX,1981-10-27,2026-08-05,2026-08-05
BBBY,2002-05-30,2026-08-05,2026-08-05
BBT,2000-06-28,2026-08-05,2026-08-05
BBWI,1985-07-01,2026-08-05,2026-08-05
BBY,1985-04-19,2026-08-05,2026-08-05
BC,1981-12-31,2026-08-05,2026-08-05
BCR,1983-04-06,2017-12-29,2026-08-05
BDX,1983-04-06,2026-08-05,2026-08-05
BEN,1984-09-07,2026-08-05,2026-08-05
BF-B,1984-09-07,2026-08-05,2026-08-05
BFO,2003-09-29,2020-12-15,2026-08-05
BG,2001-08-02,2026-08-05,2026-08-05
BGG,1984-09-07,2020-07-20,2026-08-05
BHF,2017-07-17,2026-08-05,2026-08-05
BIDU,2005-08-05,2026-08-05,2026-08-05
BIIB,1991-09-17,2026-08-05,2026-08-05
BIO,1980-02-27,2026-08-05,2026-08-05
BJS,2006-12-28,2011-05-09,2026-08-05
BKNG,1999-03-31,2026-08-05,2026-08-05
BKR,2017-07-05,2026-08-05,2026-08-05
BLDR,2005-06-28,2026-08-05,2026-08-05
BLK,1999-10-01,2026-08-05,2026-08-05
BMS,1984-09-07,2019-06-28,2026-08-05
BMY,1972-06-01,2026-08-05,2026-08-05
BNY,1973-05-03,2026-08-05,2026-08-05
BR,2007-04-02,2026-08-05,2026-08-05
BRCM,2016-01-04,2016-02-09,2026-08-05
BRK-B,1996-05-09,2026-08-05,2026-08-05
BRL,2006-12-28,2008-12-22,2026-08-05
BRO,1992-03-03,2026-08-05,2026-08-05
BSX,1992-05-19,2026-08-05,2026-08-05
BUD,2009-07-01,2026-08-05,2026-08-05
BVSN,1996-06-21,2020-05-18,2026-08-05
BWA,1993-08-13,2026-08-05,2026-08-05
BX,2007-06-22,2026-08-05,2026-08-05
BXLT,2015-06-30,2016-06-16,2026-08-05
BXP,1997-06-18,2026-08-05,2026-08-05
C,1977-01-03,2026-08-05,2026-08-05
CA,2023-12-14,2026-08-05,2026-08-05
CAG,1984-09-07,2026-08-05,2026-08-05
CAH,1987-12-31,2026-08-05,2026-08-05
CAM,1995-07-05,2026-08-05,2026-08-05
CAR,1990-01-12,2026-08-05,2026-08-05
CARR,2020-03-19,2026-08-05,2026-08-05
CASY,1983-10-20,2026-08-05,2026-08-05
CAT,1962-01-02,2026-08-05,2026-08-05
CB,1984-09-07,2026-08-05,2026-08-05
CBH,2017-06-28,2024-08-26,2026-08-05
CBOE,2010-06-15,2026-08-05,2026-08-05
CBRE,2004-06-10,2026-08-05,2026-08-05
CCI,1998-08-18,2026-08-05,2026-08-05
CCK,1984-12-18,2026-08-05,2026-08-05
CCL,1989-01-05,2026-08-05,2026-08-05
CCU,2001-01-02,2026-08-05,2026-08-05
CDNS,1990-03-26,2026-08-05,2026-08-05
CDW,2013-06-27,2026-08-05,2026-08-05
CE,2005-01-21,2026-08-05,2026-08-05
CEG,2022-02-02,2026-08-05,2026-08-05
CELG,1990-03-26,2019-11-22,2026-08-05
CEN,2013-09-26,2023-10-06,2026-08-05
CERN,1990-03-26,2022-09-08,2026-08-05
CF,2005-08-11,2026-08-05,2026-08-05
CFG,2014-09-24,2026-08-05,2026-08-05
CFN,2009-08-21,2015-03-17,2026-08-05
CG,2012-05-03,2026-08-05,2026-08-05
CHA,2025-04-17,2026-08-05,2026-08-05
CHD,1986-03-06,2026-08-05,2026-08-05
CHIR,2018-12-11,2024-02-23,2026-08-05
CHRW,1997-10-16,2026-08-05,2026-08-05
CHTR,2010-01-05,2026-08-05,2026-08-05
CI,1982-03-31,2026-08-05,2026-08-05
CIEN,1997-02-07,2026-08-05,2026-08-05
CINF,1990-03-26,2026-08-05,2026-08-05
CL,1977-01-03,2026-08-05,2026-08-05
CLF,1987-11-05,2026-08-05,2026-08-05
CLX,1983-03-21,2026-08-05,2026-08-05
CMA,1990-03-26,2026-01-30,2026-08-05
CMCSA,1988-07-07,2026-08-05,2026-08-05
CMCSK,1990-03-26,2015-12-21,2026-08-05
CME,2002-12-06,2026-08-05,2026-08-05
CMG,2006-01-26,2026-08-05,2026-08-05
CMI,1984-12-18,2026-08-05,2026-08-05
CMS,1984-12-31,2026-08-05,2026-08-05
CMVT,2013-02-04,2013-02-21,2026-08-05
CNC,2001-12-13,2026-08-05,2026-08-05
CNP,1970-01-02,2026-08-05,2026-08-05
CNX,1999-04-30,2026-08-05,2026-08-05
CNXT,2014-07-24,2026-08-05,2026-08-05
COF,1994-11-16,2026-08-05,2026-08-05
COHR,1990-03-26,2026-08-05,2026-08-05
COIN,2021-04-14,2026-08-05,2026-08-05
COL,2001-06-15,2018-11-26,2026-08-05
COO,1983-12-30,2026-08-05,2026-08-05
COP,1981-12-31,2026-08-05,2026-08-05
COR,1995-04-04,2026-08-05,2026-08-05
CORN,2010-06-09,2026-08-05,2026-08-05
COST,1986-07-09,2026-08-05,2026-08-05
COTY,2013-06-13,2026-08-05,2026-08-05
COV,2007-06-14,2015-02-03,2026-08-05
CPAY,2010-12-15,2026-08-05,2026-08-05
CPB,1985-07-01,2026-08-05,2026-08-05
CPER,2011-11-15,2026-08-05,2026-08-05
CPGX,2015-07-01,2016-07-01,2026-08-05
CPRI,2011-12-15,2026-08-05,2026-08-05
CPRT,1994-03-17,2026-08-05,2026-08-05
CPT,1993-07-22,2026-08-05,2026-08-05
CR,2023-03-29,2026-08-05,2026-08-05
CRH,1993-02-19,2026-08-05,2026-08-05
CRL,2000-06-23,2026-08-05,2026-08-05
CRM,2004-06-23,2026-08-05,2026-08-05
CRWD,2019-06-12,2026-08-05,2026-08-05
CSCO,1990-03-26,2026-08-05,2026-08-05
CSGP,1998-07-01,2026-08-05,2026-08-05
CSR,1997-10-17,2026-08-05,2026-08-05
CSRA,2015-11-30,2018-04-04,2026-08-05
CSX,1980-11-03,2026-08-05,2026-08-05
CTAS,1990-03-26,2026-08-05,2026-08-05
CTB,1987-11-05,2021-06-08,2026-08-05
CTLT,2014-07-31,2024-12-18,2026-08-05
CTRA,1990-02-08,2026-05-06,2026-08-05
CTSH,1998-06-19,2026-08-05,2026-08-05
CTVA,2019-05-24,2026-08-05,2026-08-05
CTX,2012-04-03,2018-08-20,2026-08-05
CTXS,1995-12-08,2022-11-02,2026-08-05
CVC,2016-01-04,2016-06-21,2026-08-05
CVG,1998-08-13,2018-12-14,2026-08-05
CVNA,2017-04-28,2026-08-05,2026-08-05
CVS,1984-12-17,2026-08-05,2026-08-05
CVX,1970-01-02,2026-08-05,2026-08-05
CXO,2007-08-03,2021-01-15,2026-08-05
CZR,2014-09-22,2026-08-05,2026-08-05
D,1984-10-03,2026-08-05,2026-08-05
DAL,2007-05-03,2026-08-05,2026-08-05
DASH,2020-12-09,2026-08-05,2026-08-05
DAY,2018-04-26,2026-02-03,2026-08-05
DBA,2007-01-05,2026-08-05,2026-08-05
DD,1962-01-02,2026-08-05,2026-08-05
DDOG,2019-09-19,2026-08-05,2026-08-05
DDR,1993-02-02,2018-10-11,2026-08-05
DDS,1989-06-30,2026-08-05,2026-08-05
DE,1972-06-01,2026-08-05,2026-08-05
DECK,1993-10-15,2026-08-05,2026-08-05
DELL,2018-12-21,2026-08-05,2026-08-05
DFS,2007-06-14,2025-05-16,2026-08-05
DG,2009-11-13,2026-08-05,2026-08-05
DGX,1996-12-26,2026-08-05,2026-08-05
DHI,1992-06-05,2026-08-05,2026-08-05
DHR,1987-11-05,2026-08-05,2026-08-05
DIA,1998-01-20,2026-08-05,2026-08-05
DIS,1962-01-02,2026-08-05,2026-08-05
DISCA,2022-04-06,2022-09-16,2026-08-05
DISCK,2008-09-18,2022-09-16,2026-08-05
DISH,1995-06-21,2024-01-09,2026-08-05
DLR,2004-10-29,2026-08-05,2026-08-05
DLTR,1995-03-09,2026-08-05,2026-08-05
DLX,1987-07-23,2026-08-05,2026-08-05
DNR,1995-09-06,2020-07-30,2026-08-05
DOC,1987-11-05,2026-08-05,2026-08-05
DOV,1985-07-01,2026-08-05,2026-08-05
DOW,2019-03-20,2026-08-05,2026-08-05
DPZ,2004-07-13,2026-08-05,2026-08-05
DRE,1987-11-05,2022-10-03,2026-08-05
DRI,1995-05-09,2026-08-05,2026-08-05
DTE,1970-01-02,2026-08-05,2026-08-05
DUK,1983-04-06,2026-08-05,2026-08-05
DVA,1995-10-31,2026-08-05,2026-08-05
DVN,1992-03-17,2026-08-05,2026-08-05
DXC,2017-02-01,2026-08-05,2026-08-05
DXCM,2005-04-14,2026-08-05,2026-08-05
DYN,2020-09-17,2026-08-05,2026-08-05
EA,1990-03-26,2026-08-04,2026-08-05
EBAY,1998-09-24,2026-08-05,2026-08-05
EC,2008-09-18,2026-08-05,2026-08-05
ECHO,2008-01-02,2026-08-05,2026-08-05
ECL,1988-01-05,2026-08-05,2026-08-05
ED,1970-01-02,2026-08-05,2026-08-05
EDS,2007-12-03,2015-04-29,2026-08-05
EEM,2003-04-14,2026-08-05,2026-08-05
EFA,2001-08-17,2026-08-05,2026-08-05
EFU,2007-10-25,2026-08-05,2026-08-05
EFX,1986-03-27,2026-08-05,2026-08-05
EG,1995-10-03,2026-08-05,2026-08-05
EHC,2017-12-29,2026-08-05,2026-08-05
EIX,1980-01-02,2026-08-05,2026-08-05
EL,1995-11-17,2026-08-05,2026-08-05
ELV,2001-10-30,2026-08-05,2026-08-05
EME,1995-12-28,2026-08-05,2026-08-05
EMN,1993-12-14,2026-08-05,2026-08-05
EMR,1972-06-01,2026-08-05,2026-08-05
ENPH,2012-03-30,2026-08-05,2026-08-05
EOG,1989-10-04,2026-08-05,2026-08-05
EP,2011-02-23,2026-08-05,2026-08-05
EPAM,2012-02-08,2026-08-05,2026-08-05
EQ,2018-10-12,2026-08-05,2026-08-05
EQIX,2000-08-11,2026-08-05,2026-08-05
EQR,1993-08-12,2026-08-05,2026-08-05
EQT,1987-11-05,2026-08-05,2026-08-05
ERIE,1995-10-02,2026-08-05,2026-08-05
ES,1984-08-29,2026-08-05,2026-08-05
ESRX,1992-06-09,2018-12-20,2026-08-05
ESS,1994-06-07,2026-08-05,2026-08-05
ETFC,1996-08-16,2020-10-02,2026-08-05
ETN,1972-06-01,2026-08-05,2026-08-05
ETR,1972-06-01,2026-08-05,2026-08-05
ETS,2025-08-21,2026-08-05,2026-08-05
ETSY,2015-04-16,2026-08-05,2026-08-05
EVHC,2013-08-14,2018-12-14,2026-08-05
EVRG,2018-06-04,2026-08-05,2026-08-05
EW,2000-03-27,2026-08-05,2026-08-05
EXC,1980-01-02,2026-08-05,2026-08-05
EXE,2021-02-10,2026-08-05,2026-08-05
EXPD,1990-03-26,2026-08-05,2026-08-05
EXPE,2005-07-21,2026-08-05,2026-08-05
EXR,2004-08-16,2026-08-05,2026-08-05
F,1972-06-01,2026-08-05,2026-08-05
FANG,2012-10-12,2026-08-05,2026-08-05
FAST,1990-03-26,2026-08-05,2026-08-05
FB,2025-06-26,2026-08-05,2026-08-05
FCPT,2015-11-10,2026-08-05,2026-08-05
FCX,1995-07-10,2026-08-05,2026-08-05
FDC,2015-10-15,2019-08-05,2026-08-05
FDO,1985-02-25,2015-07-13,2026-08-05
FDS,1996-06-28,2026-08-05,2026-08-05
FDX,1978-04-12,2026-08-05,2026-08-05
FDXF,2026-05-27,2026-08-05,2026-08-05
FE,1997-11-10,2026-08-05,2026-08-05
FERG,2010-01-05,2026-08-05,2026-08-05
FFIV,1999-06-04,2026-08-05,2026-08-05
FHN,1990-03-26,2026-08-05,2026-08-05
FICO,1992-02-25,2026-08-05,2026-08-05
FIS,2001-06-20,2026-08-05,2026-08-05
FISV,1990-03-26,2026-08-05,2026-08-05
FITB,1990-03-26,2026-08-05,2026-08-05
FIX,1997-06-27,2026-08-05,2026-08-05
FL,1970-01-02,2026-08-05,2026-08-05
FLEX,1994-03-18,2026-08-05,2026-08-05
FLIR,1993-06-22,2021-05-14,2026-08-05
FLR,2000-12-01,2026-08-05,2026-08-05
FLS,1990-03-26,2026-08-05,2026-08-05
FMC,1985-07-01,2026-08-05,2026-08-05
FOX,2019-03-13,2026-08-05,2026-08-05
FOXA,2019-03-12,2026-08-05,2026-08-05
FPC,2026-06-10,2026-08-05,2026-08-05
FRT,1973-05-03,2026-08-05,2026-08-05
FRX,1988-04-19,2014-07-01,2026-08-05
FSL,2011-05-26,2015-12-15,2026-08-05
FSLR,2006-11-17,2026-08-05,2026-08-05
FTI,2001-06-14,2026-08-05,2026-08-05
FTNT,2009-11-18,2026-08-05,2026-08-05
FTR,2020-04-23,2021-06-01,2026-08-05
FTV,2016-07-01,2026-08-05,2026-08-05
FWLT,1972-06-01,2014-12-03,2026-08-05
FXA,2006-06-26,2026-08-05,2026-08-05
FXB,2006-06-26,2026-08-05,2026-08-05
FXC,2006-06-26,2026-08-05,2026-08-05
FXE,2005-12-12,2026-08-05,2026-08-05
FXF,2006-06-26,2026-08-05,2026-08-05
FXY,2007-02-13,2026-08-05,2026-08-05
G,2007-08-02,2026-08-05,2026-08-05
GD,1977-01-03,2026-08-05,2026-08-05
GDDY,2015-04-01,2026-08-05,2026-08-05
GDT,2026-01-22,2026-08-05,2026-08-05
GE,1962-01-02,2026-08-05,2026-08-05
GEHC,2023-01-04,2026-08-05,2026-08-05
GEN,1990-03-26,2026-08-05,2026-08-05
GENZ,2008-01-24,2026-08-05,2026-08-05
GEV,2024-03-27,2026-08-05,2026-08-05
GGP,1993-04-08,2018-08-28,2026-08-05
GHC,1990-01-24,2026-08-05,2026-08-05
GILD,1992-01-22,2026-08-05,2026-08-05
GIS,1983-06-10,2026-08-05,2026-08-05
GL,1987-12-30,2026-08-05,2026-08-05
GLD,2004-11-18,2026-08-05,2026-08-05
GLW,1981-12-31,2026-08-05,2026-08-05
GM,2010-11-18,2026-08-05,2026-08-05
GMCR,2001-01-12,2016-03-04,2026-08-05
GME,2002-02-13,2026-08-05,2026-08-05
GNRC,2010-02-11,2026-08-05,2026-08-05
GNW,2004-05-25,2026-08-05,2026-08-05
GOOG,2014-03-27,2026-08-05,2026-08-05
GOOGL,2004-08-19,2026-08-05,2026-08-05
GP,2015-02-10,2026-08-05,2026-08-05
GPC,1983-04-06,2026-08-05,2026-08-05
GPN,2001-01-16,2026-08-05,2026-08-05
GRA,1982-01-04,2021-09-22,2026-08-05
GRMN,2000-12-08,2026-08-05,2026-08-05
GS,1999-05-04,2026-08-05,2026-08-05
GT,1970-01-02,2026-08-05,2026-08-05
GTE,2005-12-21,2026-08-05,2026-08-05
GWW,1984-12-17,2026-08-05,2026-08-05
H,2009-11-05,2026-08-05,2026-08-05
HAL,1972-06-01,2026-08-05,2026-08-05
HAS,1984-12-18,2026-08-05,2026-08-05
HBAN,1990-03-26,2026-08-05,2026-08-05
HBI,2006-09-06,2026-08-05,2026-08-05
HCA,2011-03-10,2026-08-05,2026-08-05
HCBK,1999-07-13,2015-10-30,2026-08-05
HCR,2019-06-03,2020-07-13,2026-08-05
HD,1981-09-22,2026-08-05,2026-08-05
HES,1983-04-06,2025-07-18,2026-08-05
HI,2008-03-28,2026-02-10,2026-08-05
HIG,1995-12-15,2026-08-05,2026-08-05
HII,2011-03-22,2026-08-05,2026-08-05
HLT,2013-12-12,2026-08-05,2026-08-05
HMA,2022-03-14,2023-07-25,2026-08-05
HNZ,2001-01-02,2013-10-17,2026-08-05
HOG,1987-11-05,2026-08-05,2026-08-05
HOLX,1990-03-26,2026-04-07,2026-08-05
HON,1970-01-02,2026-08-05,2026-08-05
HONA,2026-06-29,2026-08-05,2026-08-05
HOOD,2021-07-29,2026-08-05,2026-08-05
HP,1980-10-15,2026-08-05,2026-08-05
HPC,2006-12-28,2008-11-24,2026-08-05
HPE,2015-10-19,2026-08-05,2026-08-05
HPQ,1962-01-02,2026-08-05,2026-08-05
HRB,1986-11-12,2026-08-05,2026-08-05
HRL,1990-01-02,2026-08-05,2026-08-05
HSIC,1995-11-03,2026-08-05,2026-08-05
HSP,2004-05-03,2015-09-02,2026-08-05
HST,1983-04-06,2026-08-05,2026-08-05
HSY,1985-07-01,2026-08-05,2026-08-05
HUBB,2015-12-24,2026-08-05,2026-08-05
HUM,1981-12-31,2026-08-05,2026-08-05
HWM,1962-01-02,2026-08-05,2026-08-05
IBIT,2024-01-11,2026-08-05,2026-08-05
IBKR,2007-05-04,2026-08-05,2026-08-05
IBM,1962-01-02,2026-08-05,2026-08-05
ICE,2005-11-16,2026-08-05,2026-08-05
IDXX,1991-06-24,2026-08-05,2026-08-05
IEF,2002-07-26,2026-08-05,2026-08-05
IEI,2007-01-11,2026-08-05,2026-08-05
IEX,1989-06-30,2026-08-05,2026-08-05
IFF,1981-12-31,2026-08-05,2026-08-05
IKN,2006-12-28,2008-11-21,2026-08-05
ILMN,2000-07-28,2026-08-05,2026-08-05
INCY,1993-11-04,2026-08-05,2026-08-05
INFO,2024-10-10,2026-08-05,2026-08-05
INTC,1980-03-17,2026-08-05,2026-08-05
INTU,1993-03-22,2026-08-05,2026-08-05
INVH,2017-02-01,2026-08-05,2026-08-05
IONQ,2021-01-04,2026-08-05,2026-08-05
IP,1970-01-02,2026-08-05,2026-08-05
IPG,1987-11-05,2025-11-26,2026-08-05
IPGP,2006-12-13,2026-08-05,2026-08-05
IQV,2013-05-09,2026-08-05,2026-08-05
IR,2017-05-12,2026-08-05,2026-08-05
IRM,1996-02-01,2026-08-05,2026-08-05
ISRG,2000-06-16,2026-08-05,2026-08-05
IT,1993-10-05,2026-08-05,2026-08-05
ITT,1995-12-18,2026-08-05,2026-08-05
ITW,1987-11-05,2026-08-05,2026-08-05
IVZ,1995-08-25,2026-08-05,2026-08-05
IWM,2000-05-26,2026-08-05,2026-08-05
J,1990-01-12,2026-08-05,2026-08-05
JBHT,1990-03-26,2026-08-05,2026-08-05
JBL,1993-05-03,2026-08-05,2026-08-05
JCI,1985-03-27,2026-08-05,2026-08-05
JD,2014-05-22,2026-08-05,2026-08-05
JEF,1987-11-05,2026-08-05,2026-08-05
JKHY,1990-03-26,2026-08-05,2026-08-05
JNJ,1970-01-02,2026-08-05,2026-08-05
JNPR,1999-06-25,2025-07-02,2026-08-05
JNS,2000-06-26,2017-05-30,2026-08-05
JNY,1991-05-16,2014-04-09,2026-08-05
JOY,2001-05-25,2017-04-13,2026-08-05
JPM,1983-12-30,2026-08-05,2026-08-05
JWN,1986-07-09,2025-05-20,2026-08-05
K,1984-12-17,2025-12-11,2026-08-05
KATE,1981-06-09,2017-07-12,2026-08-05
KBH,1987-11-05,2026-08-05,2026-08-05
KDP,2008-04-28,2026-08-05,2026-08-05
KEY,1987-11-05,2026-08-05,2026-08-05
KEYS,2014-10-20,2026-08-05,2026-08-05
KHC,2015-07-06,2026-08-05,2026-08-05
KIM,1991-11-22,2026-08-05,2026-08-05
KKR,2010-07-15,2026-08-05,2026-08-05
KLAC,1990-03-26,2026-08-05,2026-08-05
KMB,1984-12-17,2026-08-05,2026-08-05
KMG,1997-01-28,2018-12-14,2026-08-05
KMI,2011-02-11,2026-08-05,2026-08-05
KMX,1997-02-04,2026-08-05,2026-08-05
KO,1962-01-02,2026-08-05,2026-08-05
KR,1977-01-03,2026-08-05,2026-08-05
KRFT,2012-09-17,2015-07-10,2026-08-05
KSS,1992-05-19,2026-08-05,2026-08-05
KSU,1987-11-05,2021-12-13,2026-08-05
KVUE,2023-05-04,2026-08-05,2026-08-05
L,1987-07-10,2026-08-05,2026-08-05
LB,2024-06-28,2026-08-05,2026-08-05
LCID,2020-09-18,2026-08-05,2026-08-05
LDOS,2006-10-13,2026-08-05,2026-08-05
LEG,1987-11-05,2026-08-05,2026-08-05
LEN,1987-11-05,2026-08-05,2026-08-05
LH,1990-03-29,2026-08-05,2026-08-05
LHX,1981-12-31,2026-08-05,2026-08-05
LI,2020-07-30,2026-08-05,2026-08-05
LII,1999-07-29,2026-08-05,2026-08-05
LIN,2018-10-01,2026-08-05,2026-08-05
LITE,2015-08-04,2026-08-05,2026-08-05
LKQ,2003-10-03,2026-08-05,2026-08-05
LLTC,2016-01-04,2017-03-20,2026-08-05
LLY,1972-06-01,2026-08-05,2026-08-05
LM,1987-11-05,2020-07-31,2026-08-05
LMT,1977-01-03,2026-08-05,2026-08-05
LNC,1984-10-05,2026-08-05,2026-08-05
LNT,1988-01-05,2026-08-05,2026-08-05
LO,2002-02-01,2015-06-22,2026-08-05
LOW,1985-07-01,2026-08-05,2026-08-05
LPX,1982-01-04,2026-08-05,2026-08-05
LQD,2002-07-26,2026-08-05,2026-08-05
LRCX,1990-03-26,2026-08-05,2026-08-05
LSI,1995-06-21,2023-07-19,2026-08-05
LU,2020-10-30,2026-08-05,2026-08-05
LULU,2007-07-27,2026-08-05,2026-08-05
LUMN,1987-11-05,2026-08-05,2026-08-05
LUV,1980-01-02,2026-08-05,2026-08-05
LVLT,1998-03-31,2017-11-01,2026-08-05
LVS,2004-12-15,2026-08-05,2026-08-05
LW,2016-11-10,2026-08-05,2026-08-05
LXK,2016-01-04,2016-11-29,2026-08-05
LYB,2010-04-28,2026-08-05,2026-08-05
LYV,2005-12-21,2026-08-05,2026-08-05
M,1992-02-05,2026-08-05,2026-08-05
MA,2006-05-25,2026-08-05,2026-08-05
MAA,1994-01-28,2026-08-05,2026-08-05
MAC,1994-03-10,2026-08-05,2026-08-05
MAR,1993-10-13,2026-08-05,2026-08-05
MARA,2012-05-04,2026-08-05,2026-08-05
MAS,1983-06-10,2026-08-05,2026-08-05
MAT,1982-01-04,2026-08-05,2026-08-05
MBI,1987-07-02,2026-08-05,2026-08-05
MCD,1970-01-02,2026-08-05,2026-08-05
MCHP,1993-03-19,2026-08-05,2026-08-05
MCK,1994-11-15,2026-08-05,2026-08-05
MCO,1994-10-31,2026-08-05,2026-08-05
MDLZ,2001-06-13,2026-08-05,2026-08-05
MDP,1985-07-01,2021-12-01,2026-08-05
MDR,1982-12-31,2020-01-22,2026-08-05
MDT,1981-12-31,2026-08-05,2026-08-05
MEA,2005-08-17,2015-09-11,2026-08-05
MEDI,2022-11-17,2026-08-05,2026-08-05
MER,2006-12-28,2008-12-31,2026-08-05
MET,2000-04-05,2026-08-05,2026-08-05
META,2012-05-18,2026-08-05,2026-08-05
MGM,1990-01-12,2026-08-05,2026-08-05
MHK,1992-04-01,2026-08-05,2026-08-05
MHS,2006-12-28,2013-04-10,2026-08-05
MIR,2020-08-20,2026-08-05,2026-08-05
MJN,2009-02-11,2017-07-14,2026-08-05
MKC,1990-03-26,2026-08-05,2026-08-05
MKTX,2004-11-05,2026-08-05,2026-08-05
MLM,1994-02-17,2026-08-05,2026-08-05
MMI,2013-10-31,2026-08-05,2026-08-05
MMM,1970-01-02,2026-08-05,2026-08-05
MNST,1995-08-18,2026-08-05,2026-08-05
MO,1970-01-02,2026-08-05,2026-08-05
MOH,2003-07-02,2026-08-05,2026-08-05
MOS,1988-01-26,2026-08-05,2026-08-05
MPC,2011-06-23,2026-08-05,2026-08-05
MPWR,2004-11-19,2026-08-05,2026-08-05
MRK,1970-01-02,2026-08-05,2026-08-05
MRNA,2018-12-07,2026-08-05,2026-08-05
MRO,1970-01-02,2024-11-22,2026-08-05
MRSH,1987-12-30,2026-08-05,2026-08-05
MRVL,2000-06-30,2026-08-05,2026-08-05
MS,1993-02-23,2026-08-05,2026-08-05
MSCI,2007-11-15,2026-08-05,2026-08-05
MSFT,1986-03-13,2026-08-05,2026-08-05
MSI,1977-01-03,2026-08-05,2026-08-05
MTB,1991-10-04,2026-08-05,2026-08-05
MTCH,2015-11-19,2026-08-05,2026-08-05
MTD,1997-11-14,2026-08-05,2026-08-05
MTG,1991-08-07,2026-08-05,2026-08-05
MTW,1990-03-26,2026-08-05,2026-08-05
MU,1989-05-16,2026-08-05,2026-08-05
MUR,1983-04-06,2026-08-05,2026-08-05
MWV,1985-07-01,2015-07-01,2026-08-05
MWW,2008-11-11,2016-11-09,2026-08-05
MXIM,1990-03-26,2021-09-01,2026-08-05
MYL,1987-12-18,2020-11-19,2026-08-05
NAV,1970-01-02,2021-06-30,2026-08-05
NAVI,2014-04-17,2026-08-05,2026-08-05
NBL,1982-01-04,2020-10-06,2026-08-05
NBR,1991-02-28,2026-08-05,2026-08-05
NC,1977-06-17,2026-08-05,2026-08-05
NCLH,2013-01-18,2026-08-05,2026-08-05
NDAQ,2002-07-01,2026-08-05,2026-08-05
NDSN,1990-03-26,2026-08-05,2026-08-05
NEE,1983-06-10,2026-08-05,2026-08-05
NEM,1983-04-06,2026-08-05,2026-08-05
NFLX,2002-05-23,2026-08-05,2026-08-05
NFX,2026-07-07,2026-08-05,2026-08-05
NI,1984-10-19,2026-08-05,2026-08-05
NIO,2018-09-12,2026-08-05,2026-08-05
NKE,1980-12-02,2026-08-05,2026-08-05
NKTR,1994-05-03,2026-08-05,2026-08-05
NLSN,2011-01-27,2022-10-11,2026-08-05
NOC,1981-12-31,2026-08-05,2026-08-05
NOV,1996-10-29,2026-08-05,2026-08-05
NOW,2012-06-29,2026-08-05,2026-08-05
NRG,2003-12-02,2026-08-05,2026-08-05
NRTLQ,2010-01-04,2015-10-13,2026-08-05
NSC,1982-06-02,2026-08-05,2026-08-05
NSI,2023-12-07,2026-08-05,2026-08-05
NTAP,1995-11-21,2026-08-05,2026-08-05
NTRS,1990-03-26,2026-08-05,2026-08-05
NU,2021-12-09,2026-08-05,2026-08-05
NUE,1983-09-01,2026-08-05,2026-08-05
NVDA,1999-01-22,2026-08-05,2026-08-05
NVR,1985-07-22,2026-08-05,2026-08-05
NWL,1984-07-19,2026-08-05,2026-08-05
NWS,2013-06-19,2026-08-05,2026-08-05
NWSA,2013-06-19,2026-08-05,2026-08-05
NXPI,2010-08-06,2026-08-05,2026-08-05
NYT,1973-05-03,2026-08-05,2026-08-05
NYX,2007-06-04,2013-11-12,2026-08-05
O,1994-10-18,2026-08-05,2026-08-05
ODFL,1991-10-24,2026-08-05,2026-08-05
ODP,1990-03-26,2026-08-05,2026-08-05
OGN,2021-05-14,2026-08-05,2026-08-05
OI,1991-12-11,2026-08-05,2026-08-05
OKE,1985-07-01,2026-08-05,2026-08-05
OMC,1990-03-26,2026-08-05,2026-08-05
OMX,2006-12-28,2013-11-05,2026-08-05
ON,2000-05-02,2026-08-05,2026-08-05
ONE,2010-06-16,2016-08-04,2026-08-05
ORCL,1986-03-12,2026-08-05,2026-08-05
ORLY,1993-04-23,2026-08-05,2026-08-05
OTIS,2020-03-19,2026-08-05,2026-08-05
OXY,1981-12-31,2026-08-05,2026-08-05
PALM,2007-10-25,2010-07-19,2026-08-05
PANW,2012-07-20,2026-08-05,2026-08-05
PARA,2006-01-03,2025-08-07,2026-08-05
PAYC,2014-04-15,2026-08-05,2026-08-05
PAYX,1990-03-26,2026-08-05,2026-08-05
PBCT,1990-03-26,2022-04-04,2026-08-05
PBG,2001-01-02,2011-03-07,2026-08-05
PBI,1972-06-01,2026-08-05,2026-08-05
PBY,2018-06-18,2021-06-14,2026-08-05
PCAR,1986-07-09,2026-08-05,2026-08-05
PCG,1972-06-01,2026-08-05,2026-08-05
PCH,1985-11-11,2026-02-02,2026-08-05
PCS,2007-04-19,2026-08-05,2026-08-05
PD,2019-04-11,2026-08-05,2026-08-05
PDCO,1992-10-28,2025-04-17,2026-08-05
PDD,2018-07-26,2026-08-05,2026-08-05
PEAK,2023-02-10,2023-02-13,2026-08-05
PEG,1980-01-02,2026-08-05,2026-08-05
PENN,1994-05-26,2026-08-05,2026-08-05
PEP,1972-06-01,2026-08-05,2026-08-05
PETM,1993-07-23,2015-03-11,2026-08-05
PFE,1972-06-01,2026-08-05,2026-08-05
PFG,2001-10-23,2026-08-05,2026-08-05
PG,1970-01-02,2026-08-05,2026-08-05
PGR,1986-07-09,2026-08-05,2026-08-05
PH,1985-07-01,2026-08-05,2026-08-05
PHM,1985-07-01,2026-08-05,2026-08-05
PKG,2000-01-28,2026-08-05,2026-08-05
PLD,1997-11-21,2026-08-05,2026-08-05
PLTR,2020-09-30,2026-08-05,2026-08-05
PM,2008-03-17,2026-08-05,2026-08-05
PMCS,2016-01-04,2016-01-25,2026-08-05
PNC,1988-09-07,2026-08-05,2026-08-05
PNR,1973-05-03,2026-08-05,2026-08-05
PNW,1984-07-19,2026-08-05,2026-08-05
PODD,2007-05-15,2026-08-05,2026-08-05
POOL,1995-10-13,2026-08-05,2026-08-05
PPG,1983-04-06,2026-08-05,2026-08-05
PPL,1985-04-08,2026-08-05,2026-08-05
PPLT,2010-01-08,2026-08-05,2026-08-05
PRGO,1991-12-17,2026-08-05,2026-08-05
PRU,2001-12-13,2026-08-05,2026-08-05
PSA,1980-11-18,2026-08-05,2026-08-05
PSKY,2025-08-06,2026-08-05,2026-08-05
PSX,2012-04-12,2026-08-05,2026-08-05
PTC,1990-03-26,2026-08-05,2026-08-05
PVH,1987-07-10,2026-08-05,2026-08-05
PWER,2023-11-29,2026-08-05,2026-08-05
PWR,1998-02-12,2026-08-05,2026-08-05
PXD,1997-08-08,2024-05-03,2026-08-05
PYPL,2015-07-20,2026-08-05,2026-08-05
Q,2025-11-03,2026-08-05,2026-08-05
QCOM,1991-12-16,2026-08-05,2026-08-05
QEP,2010-06-16,2021-03-18,2026-08-05
QLGC,2016-01-04,2016-08-24,2026-08-05
QQQ,1999-03-10,2026-08-05,2026-08-05
QRVO,2015-01-02,2026-08-05,2026-08-05
R,1980-01-02,2026-08-05,2026-08-05
RAI,1999-06-01,2017-08-17,2026-08-05
RAL,2025-06-30,2026-08-05,2026-08-05
RBLX,2021-03-10,2026-08-05,2026-08-05
RCL,1993-04-28,2026-08-05,2026-08-05
RDC,1983-04-06,2019-04-11,2026-08-05
RDS-A,2005-07-21,2022-01-31,2026-08-05
REG,1993-10-29,2026-08-05,2026-08-05
REGN,1991-04-02,2026-08-05,2026-08-05
RF,1990-03-26,2026-08-05,2026-08-05
RHI,1992-03-10,2026-08-05,2026-08-05
RHT,1999-08-11,2019-07-08,2026-08-05
RIOT,2003-01-24,2026-08-05,2026-08-05
RIVN,2021-11-10,2026-08-05,2026-08-05
RJF,1987-12-30,2026-08-05,2026-08-05
RL,1997-06-12,2026-08-05,2026-08-05
RLM,2018-09-05,2019-07-31,2026-08-05
RMD,1995-06-02,2026-08-05,2026-08-05
ROH,2006-12-28,2009-04-01,2026-08-05
ROK,1981-12-31,2026-08-05,2026-08-05
ROL,1987-12-30,2026-08-05,2026-08-05
ROP,1992-02-13,2026-08-05,2026-08-05
ROST,1986-07-09,2026-08-05,2026-08-05
RRC,1992-12-28,2026-08-05,2026-08-05
RRD,1985-07-01,2022-02-25,2026-08-05
RSG,1998-07-01,2026-08-05,2026-08-05
RTN,1981-12-31,2020-04-03,2026-08-05
RTX,1970-01-02,2026-08-05,2026-08-05
RVTY,1983-04-06,2026-08-05,2026-08-05
SAF,2018-08-29,2021-08-30,2026-08-05
SANM,1993-06-22,2026-08-05,2026-08-05
SAPE,1996-04-04,2015-02-05,2026-08-05
SBAC,1999-06-16,2026-08-05,2026-08-05
SBUX,1992-06-26,2026-08-05,2026-08-05
SCG,1987-12-30,2018-12-31,2026-08-05
SCHW,1989-06-30,2026-08-05,2026-08-05
SCI,1987-07-23,2026-08-05,2026-08-05
SDS,2006-07-13,2026-08-05,2026-08-05
SE,2017-10-20,2026-08-05,2026-08-05
SEDG,2015-03-26,2026-08-05,2026-08-05
SEE,1987-12-30,2026-04-09,2026-08-05
SEG,2024-07-30,2026-08-05,2026-08-05
SGP,2026-02-06,2026-08-05,2026-08-05
SHOP,2015-05-21,2026-08-05,2026-08-05
SHW,1985-07-01,2026-08-05,2026-08-05
SHY,2002-07-26,2026-08-05,2026-08-05
SIAL,1990-03-26,2015-11-18,2026-08-05
SJM,1994-10-31,2026-08-05,2026-08-05
SLB,1981-12-31,2026-08-05,2026-08-05
SLG,1997-08-15,2026-08-05,2026-08-05
SLM,1988-01-05,2026-08-05,2026-08-05
SLV,2006-04-28,2026-08-05,2026-08-05
SMCI,2007-03-29,2026-08-05,2026-08-05
SMI,2021-09-10,2026-08-05,2026-08-05
SNA,1985-07-01,2026-08-05,2026-08-05
SNAP,2017-03-02,2026-08-05,2026-08-05
SNDK,2025-02-24,2026-08-05,2026-08-05
SNI,2008-06-12,2018-03-16,2026-08-05
SNPS,1992-02-26,2026-08-05,2026-08-05
SNV,1990-01-12,2025-12-31,2026-08-05
SO,1981-12-31,2026-08-05,2026-08-05
SOFI,2020-11-30,2026-08-05,2026-08-05
SOLS,2025-10-29,2026-08-05,2026-08-05
SOLV,2024-03-26,2026-08-05,2026-08-05
SOV,2006-12-28,2009-01-29,2026-08-05
SOYB,2011-09-19,2026-08-05,2026-08-05
SPG,1993-12-14,2026-08-05,2026-08-05
SPGI,2001-01-02,2026-08-05,2026-08-05
SPLS,2026-01-16,2026-08-05,2026-08-05
SPY,1993-01-29,2026-08-05,2026-08-05
SRCL,1996-08-23,2024-11-04,2026-08-05
SRE,1998-06-29,2026-08-05,2026-08-05
SSP,1990-03-26,2026-08-05,2026-08-05
STE,1992-06-01,2026-08-05,2026-08-05
STI,2024-02-02,2026-08-05,2026-08-05
STJ,1989-12-07,2017-01-18,2026-08-05
STLD,1996-11-22,2026-08-05,2026-08-05
STT,1986-07-09,2026-08-05,2026-08-05
STX,2002-12-11,2026-08-05,2026-08-05
STZ,1992-03-17,2026-08-05,2026-08-05
SUB,2008-11-07,2026-08-05,2026-08-05
SVU,1985-07-01,2018-12-14,2026-08-05
SW,2024-07-08,2026-08-05,2026-08-05
SWK,1985-07-01,2026-08-05,2026-08-05
SWKS,1984-09-07,2026-08-05,2026-08-05
SWN,1987-12-30,2024-10-01,2026-08-05
SWY,1990-04-26,2015-02-09,2026-08-05
SXCL,2006-12-28,2017-02-23,2026-08-05
SYF,2014-07-31,2026-08-05,2026-08-05
SYK,1988-02-01,2026-08-05,2026-08-05
SYY,1973-05-08,2026-08-05,2026-08-05
T,1984-07-19,2026-08-05,2026-08-05
TAP,1984-09-07,2026-08-05,2026-08-05
TDC,2007-10-01,2026-08-05,2026-08-05
TDG,2006-03-15,2026-08-05,2026-08-05
TDY,1999-11-23,2026-08-05,2026-08-05
TE,2021-07-08,2026-08-05,2026-08-05
TECH,1992-12-09,2026-08-05,2026-08-05
TEK,2024-10-22,2026-08-05,2026-08-05
TEL,2007-06-14,2026-08-05,2026-08-05
TER,1987-03-11,2026-08-05,2026-08-05
TEX,1990-03-26,2026-08-05,2026-08-05
TFC,1990-03-26,2026-08-05,2026-08-05
TFX,1988-02-18,2026-08-05,2026-08-05
TGNA,1985-07-01,2026-03-20,2026-08-05
TGT,1983-04-06,2026-08-05,2026-08-05
THC,1982-01-04,2026-08-05,2026-08-05
TIE,2006-12-28,2013-01-07,2026-08-05
TIF,1987-12-30,2021-01-08,2026-08-05
TIN,2017-01-25,2017-02-03,2026-08-05
TJX,1988-01-05,2026-08-05,2026-08-05
TKO,2023-09-12,2026-08-05,2026-08-05
TKR,1985-07-01,2026-08-05,2026-08-05
TLT,2002-07-26,2026-08-05,2026-08-05
TMC,2021-09-10,2026-08-05,2026-08-05
TMO,1987-09-01,2026-08-05,2026-08-05
TMUS,2007-04-19,2026-08-05,2026-08-05
TOS,2026-01-28,2026-08-05,2026-08-05
TPL,1987-12-31,2026-08-05,2026-08-05
TPR,2000-10-06,2026-08-05,2026-08-05
TRGP,2010-12-07,2026-08-05,2026-08-05
TRIP,2011-12-07,2026-08-05,2026-08-05
TRMB,1992-03-03,2026-08-05,2026-08-05
TROW,1989-09-13,2026-08-05,2026-08-05
TRV,1986-07-09,2026-08-05,2026-08-05
TRW,2004-02-03,2015-05-26,2026-08-05
TSCO,1994-02-18,2026-08-05,2026-08-05
TSG,2010-10-15,2020-05-05,2026-08-05
TSLA,2010-06-29,2026-08-05,2026-08-05
TSM,1997-10-09,2026-08-05,2026-08-05
TSN,1986-07-09,2026-08-05,2026-08-05
TSS,1989-06-30,2019-09-17,2026-08-05
TT,1985-07-01,2026-08-05,2026-08-05
TTD,2016-09-21,2026-08-05,2026-08-05
TTWO,1997-04-15,2026-08-05,2026-08-05
TWC,2007-03-01,2016-05-26,2026-08-05
TWTR,2013-11-07,2022-10-28,2026-08-05
TWX,1992-03-19,2018-06-15,2026-08-05
TX,2006-02-01,2026-08-05,2026-08-05
TXN,1972-06-01,2026-08-05,2026-08-05
TXT,1984-10-24,2026-08-05,2026-08-05
TYL,1987-12-30,2026-08-05,2026-08-05
UA,2016-04-07,2026-08-05,2026-08-05
UAA,2005-11-18,2026-08-05,2026-08-05
UAL,2006-02-06,2026-08-05,2026-08-05
UBER,2019-05-10,2026-08-05,2026-08-05
UCL,2020-06-10,2026-08-05,2026-08-05
UDR,1990-03-07,2026-08-05,2026-08-05
UGA,2008-02-28,2026-08-05,2026-08-05
UHS,1990-03-26,2026-08-05,2026-08-05
UIS,1972-06-01,2026-08-05,2026-08-05
UK,2020-11-18,2026-08-05,2026-08-05
ULTA,2007-10-25,2026-08-05,2026-08-05
UN,2026-07-07,2026-08-05,2026-08-05
UNG,2007-04-18,2026-08-05,2026-08-05
UNH,1990-03-26,2026-08-05,2026-08-05
UNM,1986-11-06,2026-08-05,2026-08-05
UNP,1980-01-02,2026-08-05,2026-08-05
UPC,2021-03-23,2026-08-05,2026-08-05
UPS,1999-11-10,2026-08-05,2026-08-05
UPST,2020-12-16,2026-08-05,2026-08-05
URI,1997-12-18,2026-08-05,2026-08-05
USB,1987-11-05,2026-08-05,2026-08-05
USO,2006-04-10,2026-08-05,2026-08-05
UST,2010-02-02,2026-08-05,2026-08-05
UUP,2007-03-01,2026-08-05,2026-08-05
V,2008-03-19,2026-08-05,2026-08-05
VAR,1988-01-05,2021-04-16,2026-08-05
VEEV,2013-10-16,2026-08-05,2026-08-05
VFC,1985-07-01,2026-08-05,2026-08-05
VIAB,2005-12-05,2019-12-04,2026-08-05
VIAC,2005-12-05,2019-12-04,2026-08-05
VIAV,2015-08-04,2026-08-05,2026-08-05
VICI,2017-10-17,2026-08-05,2026-08-05
VLO,1982-01-04,2026-08-05,2026-08-05
VLTO,2023-10-02,2026-08-05,2026-08-05
VMC,1988-01-05,2026-08-05,2026-08-05
VNO,1988-01-05,2026-08-05,2026-08-05
VNT,2020-09-25,2026-08-05,2026-08-05
VO,2004-01-30,2026-08-05,2026-08-05
VOO,2010-09-09,2026-08-05,2026-08-05
VRSK,2009-10-07,2026-08-05,2026-08-05
VRSN,1998-01-30,2026-08-05,2026-08-05
VRT,2018-07-30,2026-08-05,2026-08-05
VRTS,2009-01-02,2026-08-05,2026-08-05
VRTX,1991-07-24,2026-08-05,2026-08-05
VST,2016-10-04,2026-08-05,2026-08-05
VTI,2001-05-31,2026-08-05,2026-08-05
VTR,1997-05-05,2026-08-05,2026-08-05
VTRS,2020-11-16,2026-08-05,2026-08-05
VTSS,1991-12-11,2015-05-06,2026-08-05
VZ,1983-11-21,2026-08-05,2026-08-05
WAB,1995-06-16,2026-08-05,2026-08-05
WAT,1995-11-17,2026-08-05,2026-08-05
WB,2014-04-17,2026-08-05,2026-08-05
WBA,1985-07-01,2025-08-28,2026-08-05
WBD,2005-07-08,2026-08-05,2026-08-05
WCG,2004-07-01,2020-01-23,2026-08-05
WDAY,2012-10-12,2026-08-05,2026-08-05
WDC,1987-01-02,2026-08-05,2026-08-05
WEAT,2011-09-19,2026-08-05,2026-08-05
WEC,1984-10-26,2026-08-05,2026-08-05
WELL,2001-01-02,2026-08-05,2026-08-05
WEN,1992-03-17,2026-08-05,2026-08-05
WFC,1972-06-01,2026-08-05,2026-08-05
WFM,1992-01-23,2017-08-29,2026-08-05
WHR,1983-06-10,2026-08-05,2026-08-05
WLL,2020-09-02,2022-07-01,2026-08-05
WLP,2014-09-22,2014-12-02,2026-08-05
WM,1991-09-30,2026-08-05,2026-08-05
WMB,1981-12-31,2026-08-05,2026-08-05
WMT,1972-08-25,2026-08-05,2026-08-05
WOR,1990-03-26,2026-08-05,2026-08-05
WPX,2011-12-12,2021-01-14,2026-08-05
WRB,1984-09-07,2026-08-05,2026-08-05
WRK,2015-06-24,2024-07-05,2026-08-05
WSM,1990-03-26,2026-08-05,2026-08-05
WST,1988-01-05,2026-08-05,2026-08-05
WTW,2016-01-05,2026-08-05,2026-08-05
WU,2006-10-02,2026-08-05,2026-08-05
WY,1973-05-03,2026-08-05,2026-08-05
WYNN,2002-10-25,2026-08-05,2026-08-05
X,1991-04-12,2025-06-18,2026-08-05
XEC,2002-09-25,2021-10-04,2026-08-05
XEL,1985-09-24,2026-08-05,2026-08-05
XLB,1998-12-22,2026-08-05,2026-08-05
XLC,2018-06-19,2026-08-05,2026-08-05
XLE,1998-12-22,2026-08-05,2026-08-05
XLF,1998-12-22,2026-08-05,2026-08-05
XLI,1998-12-22,2026-08-05,2026-08-05
XLK,1998-12-22,2026-08-05,2026-08-05
XLNX,1990-06-18,2022-02-14,2026-08-05
XLP,1998-12-22,2026-08-05,2026-08-05
XLRE,2015-10-08,2026-08-05,2026-08-05
XLU,1998-12-22,2026-08-05,2026-08-05
XLV,1998-12-22,2026-08-05,2026-08-05
XLY,1998-12-22,2026-08-05,2026-08-05
XOM,1970-01-02,2026-08-05,2026-08-05
XPEV,2020-08-27,2026-08-05,2026-08-05
XRAY,1991-04-25,2026-08-05,2026-08-05
XRX,1977-01-03,2026-08-05,2026-08-05
XYL,2011-10-13,2026-08-05,2026-08-05
XYZ,2015-11-19,2026-08-05,2026-08-05
YUM,1997-09-17,2026-08-05,2026-08-05
ZBH,2001-07-25,2026-08-05,2026-08-05
ZBRA,1991-08-15,2026-08-05,2026-08-05
ZION,1990-03-26,2026-08-05,2026-08-05
ZTS,2013-02-01,2026-08-05,2026-08-05
